Customer_Id,Signup_Date,Country,Industry,Company_Size,Segment
CUST_2000,2025-09-15,Unknown,Logistics,unknown,SMB
CUST_2001,2025-10-10,Unknown,E-commerce,500+,ENT
CUST_2002,2025-03-19,Unknown,Logistics,201-500,SMB
 CUST_2003 ,2025-11-30,USA,Finance,51-200,SMB
CUST_2004,2025-01-30,Unknown,Unknown,51-200,SMB
CUST_2005,2025-04-27,Canada,SaaS,201-500,ENT
CUST_2006,2025-01-29,USA,Unknown,51-200,SMB
CUST_2007,2025-05-11,UK,SaaS,201-500,SMB
CUST_2008,2025-07-25,UK,Finance,unknown,MID
CUST_2009,2025-01-28,Canada,Finance,201-500,ENT
CUST_2010,2025-09-07,USA,E-commerce,500+,ENT
CUST_2011,2025-09-21,Canada,Logistics,51-200,MID
CUST_2012,2025-04-07,Unknown,Logistics,500+,SMB
CUST_2013,2025-05-16,USA,Finance,unknown,ENT
CUST_2014,2025-04-22,USA,Unknown,500+,MID
CUST_2015,2025-11-01,Unknown,Healthcare,1-10,ENT
CUST_2016,2025-10-22,Unknown,Unknown,500+,MID
CUST_2017,2025-01-26,UK,Logistics,unknown,ENT
CUST_2018,2025-11-21,Canada,E-commerce,11-50,MID
CUST_2019,2025-04-23,USA,Finance,11-50,ENT
CUST_2020,2025-11-13,Unknown,Logistics,201-500,MID
CUST_2021,2025-01-18,UK,Unknown,201-500,MID
CUST_2022,2025-09-08,Unknown,E-commerce,500+,ENT
CUST_2023,2025-07-21,UK,SaaS,201-500,SMB
CUST_2024,2025-04-27,Unknown,SaaS,201-500,SMB
CUST_2025,2025-02-17,Unknown,Finance,unknown,MID
CUST_2026,2025-05-29,Canada,Finance,11-50,ENT
CUST_2027,2025-12-28,USA,E-commerce,1-10,SMB
 CUST_2028 ,2025-12-18,Unknown,Finance,500+,SMB
CUST_2029,2025-11-23,USA,Logistics,51-200,ENT
CUST_2030,2025-09-07,Canada,Healthcare,1-10,MID
CUST_2031,2025-10-24,Unknown,Unknown,unknown,SMB
CUST_2032,2025-09-03,Unknown,Logistics,11-50,ENT
CUST_2033,2025-01-04,Unknown,SaaS,1-10,MID
CUST_2034,2025-10-20,USA,Logistics,51-200,ENT
CUST_2035,2025-05-18,USA,Logistics,11-50,MID
 CUST_2036 ,2025-06-02,USA,E-commerce,1-10,SMB
CUST_2037,2025-02-19,Canada,Finance,1-10,ENT
CUST_2038,2025-08-15,UK,E-commerce,51-200,SMB
CUST_2039,2025-10-19,Unknown,Logistics,500+,SMB
CUST_2040,2025-08-05,Unknown,Healthcare,201-500,ENT
CUST_2041,2025-06-09,UK,Unknown,unknown,SMB
CUST_2042,2025-11-08,USA,Healthcare,unknown,SMB
 CUST_2043 ,2025-09-17,Unknown,Finance,201-500,ENT
CUST_2044,2025-03-15,USA,Healthcare,unknown,ENT
CUST_2045,2025-10-22,Unknown,Healthcare,11-50,ENT
CUST_2046,2025-10-16,Canada,SaaS,201-500,ENT
CUST_2047,2025-04-12,USA,E-commerce,51-200,SMB
CUST_2048,2025-02-28,UK,E-commerce,201-500,MID
CUST_2049,2025-01-23,USA,SaaS,500+,MID
CUST_2050,2025-03-21,Unknown,Logistics,51-200,SMB
CUST_2051,2025-03-17,UK,Finance,1-10,MID
CUST_2052,2025-05-20,Canada,Logistics,unknown,SMB
CUST_2053,2025-09-09,Canada,Healthcare,51-200,ENT
CUST_2054,2025-01-15,Unknown,Healthcare,1-10,ENT
CUST_2055,2025-10-16,Unknown,Logistics,unknown,SMB
CUST_2056,2025-07-14,UK,Unknown,500+,SMB
CUST_2057,2025-10-04,UK,Finance,201-500,SMB
CUST_2058,2025-11-14,USA,SaaS,unknown,SMB
CUST_2059,2025-06-14,USA,Logistics,51-200,MID
CUST_2060,2025-10-16,USA,SaaS,51-200,SMB
CUST_2061,2025-08-01,USA,Finance,201-500,MID
CUST_2062,2025-06-11,USA,Finance,1-10,SMB
 CUST_2063 ,2025-03-08,USA,Finance,unknown,ENT
CUST_2064,2025-11-17,Canada,SaaS,201-500,ENT
CUST_2065,2025-02-13,USA,E-commerce,51-200,ENT
CUST_2066,2025-12-01,Unknown,E-commerce,unknown,SMB
CUST_2067,2025-09-10,Unknown,Unknown,51-200,MID
CUST_2068,2025-11-04,Canada,Finance,unknown,ENT
CUST_2069,2025-04-23,USA,SaaS,unknown,MID
CUST_2070,2025-07-08,USA,SaaS,201-500,MID
CUST_2071,2025-03-09,USA,Logistics,51-200,SMB
CUST_2072,2025-01-20,USA,Healthcare,500+,SMB
CUST_2073,2025-01-03,USA,Logistics,51-200,ENT
CUST_2074,2025-03-31,UK,Finance,201-500,ENT
CUST_2075,2025-03-11,Canada,E-commerce,201-500,SMB
CUST_2076,2025-11-08,UK,Healthcare,11-50,ENT
 CUST_2077 ,2025-09-28,Unknown,Unknown,500+,MID
CUST_2078,2025-12-26,USA,Healthcare,1-10,SMB
CUST_2079,2025-12-31,Unknown,E-commerce,51-200,MID
CUST_2080,2025-09-07,USA,Healthcare,500+,SMB
CUST_2081,2025-08-04,Unknown,SaaS,51-200,ENT
CUST_2082,2025-07-15,Canada,Finance,unknown,SMB
CUST_2083,2025-10-05,UK,E-commerce,1-10,SMB
CUST_2084,2025-02-03,USA,Unknown,201-500,ENT
CUST_2085,2025-08-18,UK,Logistics,51-200,MID
CUST_2086,2025-08-10,Canada,SaaS,201-500,ENT
CUST_2087,2025-09-27,Unknown,Unknown,500+,MID
CUST_2088,2025-08-03,Canada,Healthcare,201-500,SMB
CUST_2089,2025-03-27,Unknown,Unknown,201-500,SMB
CUST_2090,2025-12-06,USA,SaaS,51-200,ENT
CUST_2091,2025-09-22,USA,Unknown,unknown,SMB
CUST_2092,2025-02-05,USA,Logistics,11-50,ENT
CUST_2093,2025-12-20,USA,E-commerce,201-500,ENT
CUST_2094,2025-04-06,Unknown,Unknown,unknown,SMB
CUST_2095,2025-05-13,USA,Finance,11-50,ENT
CUST_2096,2025-02-08,Unknown,SaaS,51-200,SMB
CUST_2097,2025-04-03,UK,Healthcare,51-200,MID
CUST_2098,2025-01-23,Canada,Healthcare,201-500,SMB
CUST_2099,2025-04-09,USA,Logistics,unknown,MID
CUST_2100,2025-09-14,Canada,Logistics,11-50,ENT
CUST_2101,2025-07-02,USA,SaaS,500+,SMB
CUST_2102,2025-05-05,USA,Logistics,unknown,ENT
CUST_2103,2025-02-02,USA,SaaS,1-10,MID
CUST_2104,2025-04-19,Unknown,Healthcare,500+,ENT
CUST_2105,2025-11-25,USA,SaaS,201-500,SMB
CUST_2106,2025-09-30,USA,E-commerce,51-200,ENT
CUST_2107,2025-06-21,USA,SaaS,201-500,MID
CUST_2108,2025-03-31,Unknown,Healthcare,51-200,ENT
CUST_2109,2025-04-08,Canada,Finance,1-10,SMB
CUST_2110,2025-11-21,UK,SaaS,unknown,SMB
CUST_2111,2025-03-05,Canada,Logistics,500+,MID
CUST_2112,2025-09-24,Unknown,E-commerce,51-200,SMB
CUST_2113,2025-07-29,Unknown,Healthcare,unknown,MID
CUST_2114,2025-01-21,Canada,E-commerce,500+,MID
CUST_2115,2025-11-16,Unknown,Unknown,500+,ENT
CUST_2116,2025-03-12,Canada,SaaS,51-200,SMB
CUST_2117,2025-11-13,Unknown,SaaS,11-50,ENT
CUST_2118,2025-04-28,UK,SaaS,11-50,ENT
CUST_2119,2025-02-21,UK,SaaS,500+,MID
CUST_2120,2025-08-08,Canada,Finance,500+,ENT
CUST_2121,2025-07-22,Canada,SaaS,1-10,ENT
CUST_2122,2025-08-20,Unknown,Unknown,unknown,ENT
CUST_2123,2025-02-18,Unknown,Healthcare,201-500,MID
CUST_2124,2025-03-01,USA,E-commerce,unknown,SMB
 CUST_2125 ,2025-06-17,Unknown,Unknown,51-200,SMB
CUST_2126,2025-11-22,Canada,E-commerce,201-500,MID
 CUST_2127 ,2025-05-04,UK,Unknown,1-10,ENT
CUST_2128,2025-04-04,UK,SaaS,1-10,SMB
CUST_2129,2025-07-07,Unknown,SaaS,500+,ENT
CUST_2130,2025-12-29,Unknown,Unknown,11-50,ENT
CUST_2131,2025-09-22,USA,Healthcare,51-200,SMB
CUST_2132,2025-06-03,UK,Logistics,unknown,SMB
CUST_2133,2025-08-13,USA,Logistics,201-500,ENT
CUST_2134,2025-07-12,Unknown,Healthcare,1-10,SMB
CUST_2135,2025-02-17,Canada,Finance,11-50,ENT
CUST_2136,2025-08-30,UK,E-commerce,unknown,ENT
CUST_2137,2025-10-25,Canada,SaaS,500+,MID
CUST_2138,2025-07-29,Canada,SaaS,1-10,ENT
CUST_2139,2025-02-15,USA,E-commerce,51-200,MID
CUST_2140,2025-04-27,Unknown,Healthcare,51-200,MID
CUST_2141,2025-03-09,Canada,SaaS,11-50,ENT
 CUST_2142 ,2025-08-01,Canada,Finance,unknown,ENT
CUST_2143,2025-06-29,Unknown,Unknown,500+,MID
CUST_2144,2025-03-24,USA,Logistics,500+,ENT
CUST_2145,2025-11-10,Canada,Unknown,51-200,MID
CUST_2146,2025-05-10,Unknown,Healthcare,51-200,ENT
CUST_2147,2025-04-29,Canada,Unknown,1-10,ENT
CUST_2148,2025-10-09,USA,E-commerce,11-50,SMB
CUST_2149,2025-11-30,Unknown,Healthcare,500+,SMB
CUST_2150,2025-12-19,UK,Unknown,201-500,SMB
CUST_2151,2025-09-25,Canada,SaaS,unknown,MID
CUST_2152,2025-08-21,Unknown,Healthcare,11-50,ENT
CUST_2153,2025-03-10,USA,Unknown,11-50,SMB
CUST_2154,2025-08-17,USA,Unknown,1-10,MID
CUST_2155,2025-02-06,USA,Healthcare,51-200,ENT
CUST_2156,2025-09-01,USA,E-commerce,11-50,SMB
CUST_2157,2025-08-27,USA,Unknown,11-50,MID
CUST_2158,2025-10-14,Unknown,Logistics,1-10,MID
CUST_2159,2025-08-12,Canada,Logistics,1-10,MID
CUST_2160,2025-08-30,Canada,Healthcare,51-200,SMB
CUST_2161,2025-05-01,USA,E-commerce,1-10,SMB
CUST_2162,2025-08-12,UK,SaaS,1-10,SMB
CUST_2163,2025-01-14,USA,E-commerce,unknown,MID
CUST_2164,2025-03-12,USA,Healthcare,11-50,ENT
CUST_2165,2025-05-28,UK,SaaS,11-50,ENT
CUST_2166,2025-06-16,Canada,Unknown,201-500,MID
CUST_2167,2025-04-19,UK,SaaS,unknown,ENT
CUST_2168,2025-07-02,Unknown,Logistics,201-500,SMB
CUST_2169,2025-01-10,UK,Unknown,11-50,SMB
CUST_2170,2025-04-15,Canada,Unknown,unknown,ENT
CUST_2171,2025-12-09,USA,Healthcare,11-50,ENT
CUST_2172,2025-03-10,Canada,Finance,500+,SMB
CUST_2173,2025-12-07,UK,SaaS,unknown,MID
CUST_2174,2025-05-27,Unknown,Logistics,201-500,MID
CUST_2175,2025-08-26,Unknown,Healthcare,1-10,SMB
CUST_2176,2025-07-05,Canada,E-commerce,201-500,ENT
CUST_2177,2025-03-31,USA,Unknown,unknown,ENT
CUST_2178,2025-10-15,UK,Unknown,1-10,MID
CUST_2179,2025-08-01,Unknown,Logistics,500+,SMB
CUST_2180,2025-12-12,UK,Finance,1-10,ENT
 CUST_2181 ,2025-06-05,Unknown,E-commerce,500+,SMB
CUST_2182,2025-08-29,Unknown,Logistics,201-500,ENT
 CUST_2183 ,2025-08-11,Canada,Healthcare,1-10,SMB
CUST_2184,2025-10-29,USA,Logistics,51-200,SMB
CUST_2185,2025-08-20,USA,Logistics,500+,SMB
CUST_2186,2025-06-26,Canada,Unknown,11-50,MID
CUST_2187,2025-11-04,UK,SaaS,unknown,MID
CUST_2188,2025-06-24,Canada,Healthcare,500+,MID
CUST_2189,2025-10-31,Unknown,Healthcare,500+,SMB
CUST_2190,2025-08-20,USA,Logistics,201-500,ENT
CUST_2191,2025-12-02,Unknown,Finance,201-500,SMB
CUST_2192,2025-01-01,USA,Logistics,201-500,SMB
CUST_2193,2025-08-17,Unknown,SaaS,51-200,MID
CUST_2194,2025-12-26,USA,SaaS,500+,ENT
CUST_2195,2025-09-29,Unknown,Finance,500+,MID
CUST_2196,2025-10-23,USA,Logistics,11-50,MID
CUST_2197,2025-05-23,USA,Finance,201-500,MID
CUST_2198,2025-05-31,UK,Healthcare,1-10,MID
CUST_2199,2025-09-28,USA,Logistics,51-200,MID
CUST_2200,2025-05-01,USA,Finance,11-50,ENT
CUST_2201,2025-03-27,Unknown,Finance,201-500,ENT
CUST_2202,2025-01-10,Canada,Unknown,201-500,ENT
CUST_2203,2025-08-16,USA,Healthcare,unknown,ENT
CUST_2204,2025-04-21,USA,SaaS,1-10,SMB
CUST_2205,2025-04-15,UK,Healthcare,1-10,MID
CUST_2206,2025-02-04,USA,E-commerce,51-200,SMB
CUST_2207,2025-11-07,Unknown,Healthcare,500+,ENT
CUST_2208,2025-01-26,Unknown,Healthcare,201-500,SMB
CUST_2209,2025-11-05,UK,Logistics,201-500,MID
CUST_2210,2025-04-04,USA,Finance,201-500,MID
CUST_2211,2025-05-30,Unknown,Unknown,500+,SMB
CUST_2212,2025-07-29,USA,Logistics,11-50,ENT
CUST_2213,2025-09-22,Canada,SaaS,unknown,ENT
CUST_2214,2025-03-21,USA,Finance,51-200,SMB
CUST_2215,2025-06-26,USA,Logistics,500+,SMB
CUST_2216,2025-08-06,Unknown,Unknown,11-50,ENT
CUST_2217,2025-01-20,USA,E-commerce,500+,SMB
CUST_2218,2025-10-20,Canada,Finance,unknown,MID
CUST_2219,2025-03-19,Canada,Logistics,51-200,SMB
CUST_2220,2025-06-13,USA,Unknown,51-200,SMB
CUST_2221,2025-10-29,UK,SaaS,500+,ENT
CUST_2222,2025-12-01,USA,SaaS,unknown,ENT
 CUST_2223 ,2025-06-28,USA,SaaS,unknown,SMB
CUST_2224,2025-01-27,USA,Healthcare,unknown,MID
CUST_2225,2025-11-04,USA,Logistics,500+,ENT
CUST_2226,2025-01-10,USA,Healthcare,1-10,ENT
CUST_2227,2025-10-06,USA,E-commerce,51-200,SMB
CUST_2228,2025-12-16,UK,Healthcare,201-500,ENT
CUST_2229,2025-08-12,Unknown,Logistics,1-10,SMB
CUST_2230,2025-12-14,Canada,E-commerce,1-10,MID
CUST_2231,2025-01-10,Unknown,E-commerce,unknown,MID
CUST_2232,2025-06-19,Canada,E-commerce,51-200,MID
CUST_2233,2025-05-10,USA,Logistics,500+,SMB
CUST_2234,2025-11-08,UK,Unknown,201-500,SMB
CUST_2235,2025-03-07,Canada,Healthcare,1-10,SMB
CUST_2236,2025-11-23,Canada,Unknown,500+,MID
CUST_2237,2025-07-21,Unknown,SaaS,500+,ENT
CUST_2238,2025-01-05,UK,SaaS,201-500,SMB
CUST_2239,2025-06-30,UK,Finance,unknown,ENT
CUST_2240,2025-12-08,UK,Healthcare,201-500,ENT
CUST_2241,2025-05-21,Unknown,E-commerce,unknown,MID
CUST_2242,2025-02-23,UK,Unknown,1-10,ENT
CUST_2243,2025-02-13,Unknown,SaaS,201-500,SMB
CUST_2244,2025-12-17,Unknown,Logistics,51-200,ENT
CUST_2245,2025-08-20,Unknown,SaaS,51-200,MID
CUST_2246,2025-02-16,USA,E-commerce,500+,MID
CUST_2247,2025-10-16,Canada,Healthcare,500+,ENT
CUST_2248,2025-03-11,USA,Finance,11-50,SMB
CUST_2249,2025-05-18,Canada,E-commerce,11-50,MID
CUST_2250,2025-09-10,Canada,Finance,500+,SMB
CUST_2251,2025-08-08,USA,Healthcare,201-500,SMB
CUST_2252,2025-04-21,Canada,Unknown,500+,ENT
CUST_2253,2025-11-15,UK,SaaS,51-200,SMB
CUST_2254,2025-02-02,USA,SaaS,unknown,SMB
CUST_2255,2025-01-20,Canada,Finance,unknown,SMB
CUST_2256,2025-02-22,UK,Logistics,201-500,MID
CUST_2257,2025-03-30,USA,Finance,51-200,SMB
CUST_2258,2025-09-08,Unknown,Finance,500+,MID
CUST_2259,2025-06-12,USA,Finance,1-10,ENT
CUST_2260,2025-01-05,USA,E-commerce,201-500,SMB
CUST_2261,2025-09-06,Canada,Unknown,1-10,SMB
CUST_2262,2025-11-12,Canada,Unknown,1-10,MID
CUST_2263,2025-09-27,Unknown,Healthcare,201-500,SMB
CUST_2264,2025-02-16,USA,Finance,11-50,ENT
CUST_2265,2025-01-23,UK,SaaS,201-500,SMB
CUST_2266,2025-10-30,Canada,Finance,201-500,ENT
CUST_2267,2025-08-26,UK,SaaS,201-500,ENT
CUST_2268,2025-10-27,UK,Healthcare,unknown,ENT
CUST_2269,2025-09-06,Unknown,E-commerce,51-200,SMB
CUST_2270,2025-05-06,UK,Logistics,201-500,MID
CUST_2271,2025-10-13,UK,Healthcare,unknown,ENT
CUST_2272,2025-11-03,USA,SaaS,500+,MID
CUST_2273,2025-03-16,UK,Finance,500+,SMB
 CUST_2274 ,2025-04-04,UK,Logistics,500+,MID
CUST_2275,2025-12-05,USA,Unknown,51-200,MID
CUST_2276,2025-02-08,Unknown,Logistics,201-500,ENT
CUST_2277,2025-03-06,Canada,E-commerce,unknown,MID
CUST_2278,2025-10-05,Canada,SaaS,1-10,MID
CUST_2279,2025-06-20,Canada,SaaS,201-500,SMB
CUST_2280,2025-04-16,Unknown,Finance,500+,SMB
CUST_2281,2025-03-02,UK,Logistics,500+,SMB
CUST_2282,2025-11-15,Canada,E-commerce,51-200,MID
CUST_2283,2025-03-23,UK,Finance,11-50,SMB
 CUST_2284 ,2025-03-05,UK,Healthcare,1-10,ENT
CUST_2285,2025-08-27,Unknown,E-commerce,1-10,ENT
CUST_2286,2025-10-26,Unknown,Unknown,500+,SMB
CUST_2287,2025-11-22,USA,E-commerce,11-50,SMB
CUST_2288,2025-10-03,USA,Finance,1-10,ENT
CUST_2289,2025-06-02,Canada,Finance,11-50,MID
CUST_2290,2025-04-01,Unknown,Unknown,1-10,MID
CUST_2291,2025-06-17,Canada,Logistics,unknown,MID
CUST_2292,2025-04-17,USA,E-commerce,51-200,SMB
CUST_2293,2025-07-13,Unknown,Healthcare,500+,MID
CUST_2294,2025-05-03,USA,E-commerce,500+,MID
CUST_2295,2025-07-13,Unknown,Unknown,unknown,SMB
CUST_2296,2025-01-25,UK,Finance,11-50,MID
CUST_2297,2025-05-04,Unknown,Logistics,500+,SMB
CUST_2298,2025-01-10,USA,Unknown,51-200,SMB
CUST_2299,2025-11-23,UK,E-commerce,201-500,SMB
CUST_2300,2025-04-04,USA,Finance,51-200,ENT
CUST_2301,2025-03-05,UK,Logistics,11-50,SMB
CUST_2302,2025-11-05,USA,SaaS,500+,ENT
CUST_2303,2025-03-09,Unknown,Finance,unknown,SMB
CUST_2304,2025-05-09,Canada,Healthcare,11-50,SMB
CUST_2305,2025-06-30,UK,Unknown,1-10,MID
CUST_2306,2025-04-05,Unknown,SaaS,11-50,SMB
CUST_2307,2025-12-13,Canada,E-commerce,1-10,ENT
CUST_2308,2025-12-12,UK,Logistics,1-10,ENT
CUST_2309,2025-09-06,UK,Unknown,51-200,MID
CUST_2310,2025-08-18,USA,SaaS,11-50,MID
CUST_2311,2025-09-24,USA,Healthcare,51-200,SMB
CUST_2312,2025-08-18,Canada,Finance,201-500,MID
CUST_2313,2025-11-11,USA,Unknown,1-10,SMB
CUST_2314,2025-12-10,Canada,Finance,11-50,ENT
CUST_2315,2025-05-09,Unknown,Finance,1-10,MID
CUST_2316,2025-09-30,Canada,Finance,51-200,MID
CUST_2317,2025-04-18,Canada,Unknown,51-200,ENT
CUST_2318,2025-06-29,UK,Finance,51-200,ENT
CUST_2319,2025-06-22,Unknown,Unknown,201-500,ENT
CUST_2320,2025-04-09,Canada,SaaS,11-50,ENT
CUST_2321,2025-03-17,Unknown,Unknown,500+,MID
CUST_2322,2025-10-04,Unknown,Finance,unknown,ENT
CUST_2323,2025-10-01,USA,E-commerce,201-500,ENT
 CUST_2324 ,2025-01-11,USA,E-commerce,11-50,ENT
CUST_2325,2025-08-02,USA,Unknown,unknown,MID
CUST_2326,2025-09-30,UK,Finance,11-50,MID
CUST_2327,2025-11-22,UK,SaaS,11-50,MID
CUST_2328,2025-11-17,USA,Finance,1-10,ENT
CUST_2329,2025-07-22,Unknown,SaaS,11-50,MID
CUST_2330,2025-11-29,USA,Healthcare,unknown,ENT
CUST_2331,2025-10-15,UK,E-commerce,51-200,MID
CUST_2332,2025-05-17,Unknown,E-commerce,11-50,SMB
CUST_2333,2025-03-29,Canada,Healthcare,500+,ENT
CUST_2334,2025-09-14,Unknown,SaaS,51-200,ENT
CUST_2335,2025-06-22,Canada,Logistics,1-10,SMB
CUST_2336,2025-05-12,USA,Finance,201-500,SMB
CUST_2337,2025-05-31,UK,SaaS,500+,MID
CUST_2338,2025-06-06,Unknown,Finance,51-200,ENT
CUST_2339,2025-11-23,UK,Unknown,1-10,ENT
 CUST_2340 ,2025-08-17,Unknown,SaaS,unknown,SMB
CUST_2341,2025-11-05,Unknown,Logistics,201-500,ENT
CUST_2342,2025-03-19,USA,Finance,unknown,ENT
CUST_2343,2025-12-11,USA,Logistics,11-50,SMB
CUST_2344,2025-08-30,Canada,Healthcare,51-200,ENT
CUST_2345,2025-09-06,USA,Unknown,51-200,SMB
CUST_2346,2025-03-19,UK,E-commerce,51-200,MID
CUST_2347,2025-09-17,USA,Logistics,11-50,MID
CUST_2348,2025-02-05,Canada,Finance,11-50,MID
CUST_2349,2025-12-10,Canada,E-commerce,500+,ENT
 CUST_2350 ,2025-11-10,Unknown,Finance,1-10,SMB
CUST_2351,2025-04-16,USA,Unknown,51-200,ENT
CUST_2352,2025-08-27,USA,E-commerce,1-10,SMB
CUST_2353,2025-08-06,USA,E-commerce,1-10,SMB
CUST_2354,2025-05-13,USA,E-commerce,11-50,SMB
 CUST_2355 ,2025-07-11,Unknown,Finance,11-50,SMB
CUST_2356,2025-12-18,Unknown,E-commerce,201-500,ENT
CUST_2357,2025-04-17,USA,E-commerce,unknown,MID
CUST_2358,2025-08-23,USA,SaaS,201-500,SMB
CUST_2359,2025-10-15,USA,Finance,11-50,SMB
CUST_2360,2025-12-11,UK,Finance,1-10,MID
 CUST_2361 ,2025-07-09,UK,Finance,1-10,MID
CUST_2362,2025-12-23,UK,E-commerce,1-10,MID
CUST_2363,2025-05-08,Canada,SaaS,11-50,ENT
CUST_2364,2025-01-13,USA,Finance,11-50,MID
CUST_2365,2025-08-05,Unknown,Unknown,1-10,SMB
CUST_2366,2025-09-27,Unknown,E-commerce,1-10,MID
CUST_2367,2025-07-18,USA,Logistics,unknown,ENT
CUST_2368,2025-03-24,Unknown,Finance,unknown,SMB
CUST_2369,2025-10-02,USA,Healthcare,201-500,ENT
CUST_2370,2025-02-10,Unknown,E-commerce,1-10,MID
CUST_2371,2025-11-21,USA,Healthcare,500+,ENT
CUST_2372,2025-10-26,UK,E-commerce,1-10,ENT
CUST_2373,2025-12-22,Canada,SaaS,51-200,ENT
CUST_2374,2025-05-06,USA,E-commerce,201-500,SMB
CUST_2375,2025-06-07,USA,E-commerce,201-500,MID
CUST_2376,2025-03-30,Unknown,Healthcare,51-200,ENT
CUST_2377,2025-12-22,UK,Logistics,unknown,SMB
CUST_2378,2025-02-15,USA,E-commerce,unknown,ENT
CUST_2379,2025-01-13,Canada,SaaS,11-50,ENT
CUST_2380,2025-01-12,Canada,Healthcare,500+,SMB
CUST_2381,2025-02-17,USA,Finance,500+,ENT
CUST_2382,2025-08-05,USA,Unknown,unknown,MID
CUST_2383,2025-06-08,USA,Finance,unknown,MID
CUST_2384,2025-04-16,USA,Logistics,11-50,MID
CUST_2385,2025-07-15,USA,Unknown,500+,ENT
CUST_2386,2025-09-20,USA,E-commerce,1-10,ENT
CUST_2387,2025-11-01,Unknown,Logistics,unknown,ENT
CUST_2388,2025-10-10,UK,Finance,51-200,SMB
CUST_2389,2025-02-08,Unknown,Finance,1-10,SMB
CUST_2390,2025-08-15,USA,SaaS,11-50,MID
CUST_2391,2025-07-16,Canada,Unknown,11-50,ENT
CUST_2392,2025-07-28,USA,E-commerce,201-500,ENT
 CUST_2393 ,2025-11-02,Unknown,Healthcare,1-10,ENT
CUST_2394,2025-02-04,Canada,Unknown,1-10,SMB
CUST_2395,2025-10-04,Unknown,SaaS,201-500,SMB
CUST_2396,2025-08-02,USA,Healthcare,11-50,SMB
CUST_2397,2025-03-06,Canada,Logistics,51-200,SMB
CUST_2398,2025-04-27,USA,E-commerce,51-200,MID
CUST_2399,2025-05-21,Canada,Finance,1-10,SMB
CUST_2400,2025-05-16,Canada,Finance,1-10,ENT
CUST_2401,2025-05-30,USA,E-commerce,11-50,ENT
CUST_2402,2025-11-20,USA,Unknown,unknown,MID
 CUST_2403 ,2025-07-10,USA,Healthcare,51-200,SMB
CUST_2404,2025-06-20,Canada,Finance,201-500,MID
CUST_2405,2025-11-05,USA,Logistics,500+,ENT
CUST_2406,2025-01-13,Unknown,Finance,1-10,MID
CUST_2407,2025-01-05,USA,E-commerce,1-10,SMB
CUST_2408,2025-09-08,USA,Healthcare,11-50,MID
 CUST_2409 ,2025-08-20,USA,SaaS,11-50,SMB
CUST_2410,2025-09-23,USA,Finance,51-200,ENT
CUST_2411,2025-12-31,UK,Finance,500+,SMB
CUST_2412,2025-07-30,USA,Logistics,11-50,SMB
CUST_2413,2025-07-01,Canada,Unknown,unknown,SMB
CUST_2414,2025-10-04,Canada,Healthcare,unknown,SMB
CUST_2415,2025-01-08,USA,Healthcare,11-50,SMB
CUST_2416,2025-02-02,Unknown,Unknown,unknown,MID
CUST_2417,2025-12-30,Unknown,E-commerce,201-500,MID
 CUST_2418 ,2025-08-18,USA,SaaS,51-200,SMB
CUST_2419,2025-04-02,Canada,Logistics,unknown,MID
CUST_2420,2025-08-18,USA,SaaS,11-50,MID
CUST_2421,2025-01-28,USA,Unknown,unknown,SMB
CUST_2422,2025-10-01,Unknown,SaaS,51-200,ENT
CUST_2423,2025-09-14,Canada,E-commerce,1-10,MID
CUST_2424,2025-12-13,Unknown,Finance,11-50,ENT
CUST_2425,2025-10-29,USA,Unknown,51-200,MID
 CUST_2426 ,2025-05-26,Canada,SaaS,201-500,SMB
CUST_2427,2025-03-05,USA,SaaS,201-500,MID
CUST_2428,2025-09-06,UK,Healthcare,500+,MID
CUST_2429,2025-05-08,USA,E-commerce,500+,MID
CUST_2430,2025-09-29,USA,Logistics,500+,MID
CUST_2431,2025-09-12,UK,E-commerce,500+,MID
CUST_2432,2025-04-07,USA,Healthcare,201-500,SMB
 CUST_2433 ,2025-05-18,Canada,Logistics,11-50,SMB
CUST_2434,2025-10-17,Canada,Unknown,1-10,MID
CUST_2435,2025-03-17,Unknown,Logistics,201-500,MID
 CUST_2436 ,2025-07-03,UK,Logistics,1-10,MID
CUST_2437,2025-12-17,USA,Finance,unknown,SMB
CUST_2438,2025-12-14,USA,Healthcare,1-10,ENT
CUST_2439,2025-04-20,Unknown,E-commerce,500+,MID
CUST_2440,2025-12-14,Unknown,Finance,1-10,SMB
 CUST_2441 ,2025-04-20,Unknown,Logistics,201-500,MID
CUST_2442,2025-04-13,USA,Healthcare,500+,SMB
CUST_2443,2025-08-24,USA,E-commerce,1-10,SMB
CUST_2444,2025-02-04,Canada,Logistics,11-50,ENT
CUST_2445,2025-01-04,UK,Healthcare,201-500,ENT
CUST_2446,2025-02-11,Canada,Unknown,11-50,MID
CUST_2447,2025-04-30,UK,Finance,201-500,MID
CUST_2448,2025-12-24,Canada,SaaS,11-50,SMB
CUST_2449,2025-09-02,USA,E-commerce,unknown,MID
CUST_2450,2025-05-17,Unknown,Logistics,11-50,SMB
CUST_2451,2025-10-18,Canada,Healthcare,51-200,MID
CUST_2452,2025-08-29,Canada,E-commerce,11-50,ENT
CUST_2453,2025-05-31,USA,Finance,500+,ENT
CUST_2454,2025-10-04,UK,Healthcare,11-50,SMB
CUST_2455,2025-05-19,Canada,Unknown,201-500,ENT
CUST_2456,2025-07-05,USA,Healthcare,201-500,SMB
CUST_2457,2025-09-19,UK,Finance,11-50,ENT
CUST_2458,2025-08-03,Unknown,Finance,51-200,ENT
 CUST_2459 ,2025-10-14,USA,Unknown,unknown,ENT
CUST_2460,2025-02-07,USA,Finance,201-500,MID
CUST_2461,2025-06-18,Canada,SaaS,201-500,ENT
CUST_2462,2025-09-29,Unknown,Finance,201-500,ENT
CUST_2463,2025-10-17,UK,SaaS,11-50,MID
CUST_2464,2025-04-10,USA,Unknown,201-500,ENT
CUST_2465,2025-05-17,USA,Finance,1-10,MID
CUST_2466,2025-08-08,UK,E-commerce,1-10,ENT
CUST_2467,2025-03-10,Canada,Unknown,500+,MID
CUST_2468,2025-11-07,USA,Finance,201-500,ENT
CUST_2469,2025-11-09,Unknown,SaaS,1-10,MID
CUST_2470,2025-07-09,USA,Finance,11-50,SMB
 CUST_2471 ,2025-08-13,Canada,E-commerce,1-10,MID
CUST_2472,2025-04-27,USA,Logistics,unknown,SMB
CUST_2473,2025-01-16,Unknown,Unknown,1-10,ENT
CUST_2474,2025-08-10,Canada,Finance,1-10,SMB
 CUST_2475 ,2025-09-28,Canada,Unknown,51-200,MID
CUST_2476,2025-12-29,USA,SaaS,1-10,MID
CUST_2477,2025-02-25,Canada,Unknown,unknown,SMB
CUST_2478,2025-01-04,USA,Finance,1-10,ENT
CUST_2479,2025-12-24,UK,Logistics,unknown,SMB
CUST_2480,2025-04-27,USA,Unknown,1-10,ENT
CUST_2481,2025-03-22,USA,SaaS,500+,ENT
CUST_2482,2025-10-06,USA,SaaS,11-50,SMB
CUST_2483,2025-03-29,UK,Healthcare,unknown,MID
CUST_2484,2025-02-05,Unknown,Logistics,51-200,SMB
CUST_2485,2025-07-11,Canada,SaaS,11-50,MID
CUST_2486,2025-02-24,UK,Unknown,500+,SMB
CUST_2487,2025-06-25,UK,Logistics,500+,SMB
CUST_2488,2025-12-18,Canada,SaaS,500+,MID
CUST_2489,2025-10-20,USA,SaaS,11-50,ENT
CUST_2490,2025-08-28,Canada,Finance,500+,MID
CUST_2491,2025-01-02,UK,Finance,unknown,MID
CUST_2492,2025-07-30,UK,SaaS,201-500,MID
 CUST_2493 ,2025-03-14,UK,Healthcare,201-500,ENT
CUST_2494,2025-04-15,Unknown,Unknown,1-10,ENT
CUST_2495,2025-03-31,UK,Healthcare,1-10,MID
CUST_2496,2025-05-20,USA,SaaS,11-50,ENT
 CUST_2497 ,2025-07-06,UK,E-commerce,201-500,MID
CUST_2498,2025-04-07,Unknown,Logistics,unknown,MID
CUST_2499,2025-02-12,USA,Logistics,1-10,MID
CUST_2500,2025-07-24,UK,Finance,500+,MID
CUST_2501,2025-11-23,UK,Unknown,unknown,MID
 CUST_2502 ,2025-07-29,Canada,Logistics,unknown,MID
CUST_2503,2025-01-11,UK,Finance,51-200,SMB
CUST_2504,2025-08-05,Canada,SaaS,unknown,MID
CUST_2505,2025-09-12,USA,Logistics,1-10,ENT
CUST_2506,2025-12-14,Canada,E-commerce,201-500,ENT
CUST_2507,2025-07-13,Unknown,Healthcare,unknown,MID
CUST_2508,2025-05-14,Canada,SaaS,1-10,SMB
CUST_2509,2025-11-30,USA,Healthcare,500+,MID
CUST_2510,2025-08-08,USA,Unknown,51-200,ENT
 CUST_2511 ,2025-02-20,USA,Unknown,51-200,ENT
CUST_2512,2025-03-28,Unknown,Logistics,1-10,MID
CUST_2513,2025-07-05,Unknown,E-commerce,500+,MID
CUST_2514,2025-10-08,Canada,Unknown,1-10,MID
CUST_2515,2025-05-03,Unknown,Unknown,51-200,MID
CUST_2516,2025-09-22,Canada,E-commerce,1-10,ENT
CUST_2517,2025-11-19,UK,Unknown,500+,SMB
CUST_2518,2025-02-08,Canada,E-commerce,1-10,ENT
CUST_2519,2025-03-29,Unknown,Logistics,51-200,SMB
 CUST_2520 ,2025-05-09,USA,SaaS,51-200,ENT
CUST_2521,2025-09-13,Unknown,E-commerce,51-200,ENT
CUST_2522,2025-04-26,UK,E-commerce,unknown,MID
 CUST_2523 ,2025-10-29,UK,Healthcare,1-10,SMB
CUST_2524,2025-11-24,Unknown,Healthcare,11-50,ENT
 CUST_2525 ,2025-05-31,Canada,E-commerce,51-200,SMB
CUST_2526,2025-09-24,USA,E-commerce,201-500,MID
CUST_2527,2025-11-23,Canada,Unknown,51-200,MID
CUST_2528,2025-10-29,USA,Finance,1-10,MID
CUST_2529,2025-02-23,USA,Logistics,11-50,ENT
CUST_2530,2025-07-29,Unknown,Healthcare,11-50,MID
CUST_2531,2025-03-26,Unknown,SaaS,51-200,SMB
CUST_2532,2025-03-08,UK,Healthcare,51-200,SMB
CUST_2533,2025-08-23,UK,E-commerce,unknown,ENT
CUST_2534,2025-02-23,Canada,E-commerce,201-500,ENT
CUST_2535,2025-12-30,Unknown,Finance,51-200,MID
CUST_2536,2025-01-29,UK,Finance,11-50,MID
CUST_2537,2025-10-30,Unknown,E-commerce,201-500,SMB
CUST_2538,2025-06-30,Unknown,SaaS,51-200,SMB
CUST_2539,2025-01-04,USA,Logistics,201-500,MID
CUST_2540,2025-05-21,USA,SaaS,11-50,SMB
CUST_2541,2025-04-09,UK,Healthcare,51-200,ENT
CUST_2542,2025-08-02,Unknown,Healthcare,500+,SMB
CUST_2543,2025-04-07,Canada,E-commerce,51-200,MID
 CUST_2544 ,2025-04-23,Canada,Logistics,201-500,MID
CUST_2545,2025-08-14,Unknown,Finance,11-50,MID
CUST_2546,2025-06-11,USA,Finance,unknown,ENT
CUST_2547,2025-10-06,USA,E-commerce,51-200,SMB
 CUST_2548 ,2025-01-22,Canada,Healthcare,201-500,ENT
CUST_2549,2025-12-17,Canada,Logistics,11-50,MID
CUST_2550,2025-02-18,USA,Healthcare,201-500,SMB
 CUST_2551 ,2025-05-06,Canada,Healthcare,500+,MID
CUST_2552,2025-03-01,UK,E-commerce,1-10,MID
CUST_2553,2025-02-01,Unknown,Healthcare,1-10,SMB
CUST_2554,2025-05-21,USA,E-commerce,1-10,MID
CUST_2555,2025-06-27,Canada,SaaS,51-200,MID
CUST_2556,2025-09-25,USA,Healthcare,51-200,ENT
CUST_2557,2025-07-16,UK,Finance,11-50,SMB
CUST_2558,2025-12-11,Canada,SaaS,500+,SMB
CUST_2559,2025-08-04,Unknown,Healthcare,11-50,SMB
CUST_2560,2025-07-11,UK,Healthcare,1-10,MID
CUST_2561,2025-03-20,USA,Unknown,201-500,SMB
CUST_2562,2025-09-03,USA,Healthcare,201-500,MID
CUST_2563,2025-06-05,Canada,SaaS,500+,SMB
CUST_2564,2025-06-28,UK,E-commerce,51-200,MID
CUST_2565,2025-07-20,USA,Logistics,500+,MID
CUST_2566,2025-02-06,Canada,Logistics,unknown,SMB
CUST_2567,2025-03-21,USA,Logistics,500+,SMB
CUST_2568,2025-03-23,UK,Unknown,201-500,SMB
CUST_2569,2025-05-11,Unknown,E-commerce,11-50,SMB
CUST_2570,2025-08-14,Unknown,SaaS,11-50,MID
CUST_2571,2025-09-24,Canada,E-commerce,500+,MID
 CUST_2572 ,2025-11-26,USA,Unknown,unknown,ENT
CUST_2573,2025-05-07,Unknown,E-commerce,1-10,SMB
CUST_2574,2025-07-09,Unknown,Unknown,11-50,MID
CUST_2575,2025-10-22,UK,E-commerce,1-10,ENT
CUST_2576,2025-06-07,UK,Finance,500+,SMB
CUST_2577,2025-07-28,Unknown,E-commerce,11-50,MID
CUST_2578,2025-06-04,USA,E-commerce,51-200,MID
CUST_2579,2025-10-22,Unknown,SaaS,11-50,MID
CUST_2580,2025-05-31,USA,SaaS,11-50,SMB
 CUST_2581 ,2025-07-30,USA,E-commerce,11-50,MID
CUST_2582,2025-11-01,USA,Healthcare,51-200,SMB
CUST_2583,2025-12-12,USA,Finance,201-500,ENT
CUST_2584,2025-06-13,Canada,E-commerce,unknown,MID
CUST_2585,2025-04-30,USA,E-commerce,1-10,MID
CUST_2586,2025-08-10,USA,Logistics,500+,ENT
CUST_2587,2025-10-08,UK,Logistics,11-50,SMB
CUST_2588,2025-05-21,USA,E-commerce,201-500,SMB
CUST_2589,2025-03-17,UK,Finance,201-500,MID
CUST_2590,2025-08-02,Canada,Finance,1-10,MID
CUST_2591,2025-03-14,Unknown,E-commerce,51-200,MID
CUST_2592,2025-10-04,Unknown,Logistics,11-50,MID
CUST_2593,2025-07-05,USA,E-commerce,unknown,MID
CUST_2594,2025-11-13,USA,Healthcare,51-200,SMB
CUST_2595,2025-08-14,Canada,Unknown,500+,MID
CUST_2596,2025-04-21,Canada,Finance,11-50,MID
CUST_2597,2025-01-10,UK,E-commerce,51-200,MID
CUST_2598,2025-05-10,UK,Finance,51-200,MID
CUST_2599,2025-01-25,UK,Healthcare,unknown,SMB
CUST_2600,2025-08-29,UK,E-commerce,unknown,MID
CUST_2601,2025-08-20,UK,Finance,51-200,MID
CUST_2602,2025-04-08,Unknown,Finance,1-10,ENT
CUST_2603,2025-10-19,UK,Healthcare,1-10,MID
CUST_2604,2025-11-17,USA,SaaS,51-200,SMB
CUST_2605,2025-04-15,UK,Logistics,1-10,MID
CUST_2606,2025-04-22,USA,E-commerce,unknown,ENT
CUST_2607,2025-07-24,Unknown,Logistics,unknown,MID
CUST_2608,2025-03-19,UK,Unknown,unknown,SMB
CUST_2609,2025-02-25,Canada,E-commerce,51-200,SMB
CUST_2610,2025-07-25,Unknown,Unknown,11-50,MID
CUST_2611,2025-07-30,Canada,Unknown,unknown,MID
CUST_2612,2025-03-03,Unknown,SaaS,201-500,SMB
CUST_2613,2025-11-19,USA,Finance,1-10,SMB
 CUST_2614 ,2025-07-27,USA,E-commerce,201-500,SMB
CUST_2615,2025-06-25,Unknown,Healthcare,201-500,MID
CUST_2616,2025-12-02,Canada,E-commerce,500+,MID
 CUST_2617 ,2025-05-23,Canada,Logistics,unknown,MID
CUST_2618,2025-08-19,USA,E-commerce,51-200,ENT
CUST_2619,2025-07-30,USA,Logistics,500+,ENT
CUST_2620,2025-09-19,USA,Logistics,500+,SMB
CUST_2621,2025-06-28,Unknown,Logistics,unknown,MID
CUST_2622,2025-09-03,Canada,Healthcare,11-50,MID
CUST_2623,2025-09-03,USA,Finance,51-200,MID
CUST_2624,2025-07-15,Unknown,SaaS,unknown,ENT
CUST_2625,2025-02-23,USA,E-commerce,500+,SMB
CUST_2626,2025-09-14,Canada,SaaS,1-10,MID
CUST_2627,2025-09-05,Unknown,SaaS,51-200,SMB
CUST_2628,2025-05-05,Canada,Healthcare,1-10,ENT
CUST_2629,2025-06-04,Unknown,E-commerce,11-50,ENT
CUST_2630,2025-05-23,Canada,Healthcare,51-200,SMB
CUST_2631,2025-11-28,USA,SaaS,201-500,SMB
CUST_2632,2025-12-13,Unknown,E-commerce,1-10,ENT
CUST_2633,2025-06-08,Canada,Finance,51-200,ENT
CUST_2634,2025-10-28,Unknown,Unknown,500+,SMB
CUST_2635,2025-05-25,USA,E-commerce,unknown,SMB
CUST_2636,2025-06-16,USA,Finance,unknown,MID
CUST_2637,2025-11-21,USA,E-commerce,500+,ENT
CUST_2638,2025-05-14,UK,SaaS,unknown,MID
CUST_2639,2025-08-15,USA,Logistics,unknown,ENT
CUST_2640,2025-11-03,UK,Unknown,51-200,SMB
CUST_2641,2025-04-06,Canada,Finance,unknown,MID
CUST_2642,2025-06-18,Canada,Finance,500+,MID
CUST_2643,2025-04-11,USA,SaaS,11-50,MID
CUST_2644,2025-08-08,USA,E-commerce,11-50,SMB
CUST_2645,2025-05-03,Unknown,Healthcare,500+,ENT
CUST_2646,2025-06-03,Canada,Logistics,1-10,ENT
CUST_2647,2025-09-23,USA,Finance,1-10,MID
CUST_2648,2025-08-05,USA,Healthcare,51-200,SMB
CUST_2649,2025-10-06,Unknown,E-commerce,51-200,SMB
 CUST_2650 ,2025-03-22,Canada,Finance,11-50,ENT
CUST_2651,2025-04-23,Unknown,SaaS,201-500,MID
CUST_2652,2025-08-19,Unknown,Logistics,1-10,SMB
CUST_2653,2025-06-26,USA,Logistics,1-10,SMB
CUST_2654,2025-02-11,UK,Healthcare,1-10,ENT
CUST_2655,2025-08-11,UK,Finance,201-500,MID
CUST_2656,2025-12-18,Unknown,E-commerce,1-10,SMB
CUST_2657,2025-12-27,Unknown,E-commerce,11-50,ENT
CUST_2658,2025-07-01,USA,Finance,unknown,MID
CUST_2659,2025-01-09,UK,Healthcare,1-10,MID
CUST_2660,2025-10-10,Unknown,Finance,51-200,MID
CUST_2661,2025-03-12,UK,E-commerce,201-500,SMB
 CUST_2662 ,2025-11-11,USA,Healthcare,1-10,SMB
CUST_2663,2025-09-17,USA,Unknown,201-500,MID
CUST_2664,2025-06-10,USA,Healthcare,1-10,ENT
CUST_2665,2025-02-17,Canada,Logistics,unknown,SMB
CUST_2666,2025-03-09,Unknown,Healthcare,51-200,SMB
CUST_2667,2025-08-17,USA,Finance,51-200,MID
CUST_2668,2025-11-15,Canada,Finance,11-50,MID
CUST_2669,2025-07-14,USA,SaaS,500+,SMB
CUST_2670,2025-09-06,Unknown,Finance,1-10,MID
CUST_2671,2025-12-15,Canada,Unknown,11-50,SMB
CUST_2672,2025-01-15,Canada,Unknown,500+,ENT
CUST_2673,2025-10-10,USA,E-commerce,1-10,MID
CUST_2674,2025-12-10,UK,Healthcare,500+,SMB
CUST_2675,2025-12-09,USA,Finance,1-10,SMB
CUST_2676,2025-11-18,USA,SaaS,51-200,SMB
CUST_2677,2025-02-07,UK,Healthcare,1-10,SMB
CUST_2678,2025-03-08,Unknown,Unknown,201-500,SMB
CUST_2679,2025-03-15,Unknown,Healthcare,unknown,MID
CUST_2680,2025-11-06,Canada,Finance,500+,ENT
CUST_2681,2025-04-01,USA,Logistics,51-200,MID
CUST_2682,2025-05-24,USA,Unknown,1-10,SMB
CUST_2683,2025-08-08,Canada,Logistics,201-500,ENT
CUST_2684,2025-03-12,Canada,SaaS,1-10,SMB
CUST_2685,2025-12-18,Canada,E-commerce,11-50,SMB
CUST_2686,2025-06-15,USA,Finance,11-50,ENT
CUST_2687,2025-07-12,USA,E-commerce,500+,MID
CUST_2688,2025-10-13,Canada,Logistics,unknown,ENT
CUST_2689,2025-02-05,USA,Logistics,51-200,MID
 CUST_2690 ,2025-08-11,UK,SaaS,1-10,ENT
CUST_2691,2025-05-28,UK,Healthcare,unknown,ENT
CUST_2692,2025-09-18,USA,Unknown,1-10,ENT
 CUST_2693 ,2025-09-29,USA,Finance,51-200,MID
CUST_2694,2025-01-21,USA,Finance,51-200,SMB
CUST_2695,2025-10-22,UK,Unknown,unknown,ENT
 CUST_2696 ,2025-02-07,Unknown,Finance,51-200,ENT
CUST_2697,2025-08-16,Canada,Unknown,1-10,SMB
CUST_2698,2025-06-06,Canada,SaaS,11-50,SMB
 CUST_2699 ,2025-07-04,UK,E-commerce,500+,MID
CUST_2700,2025-02-25,UK,SaaS,1-10,MID
CUST_2701,2025-07-14,USA,SaaS,11-50,MID
CUST_2702,2025-08-16,Unknown,Finance,51-200,SMB
CUST_2703,2025-07-09,Canada,E-commerce,11-50,ENT
CUST_2704,2025-01-28,USA,Finance,1-10,SMB
 CUST_2705 ,2025-10-06,Unknown,SaaS,11-50,SMB
CUST_2706,2025-07-20,USA,Unknown,1-10,ENT
CUST_2707,2025-05-03,USA,SaaS,unknown,SMB
CUST_2708,2025-07-28,USA,Finance,1-10,MID
CUST_2709,2025-02-24,Unknown,Finance,201-500,SMB
CUST_2710,2025-03-05,Canada,Logistics,500+,MID
CUST_2711,2025-12-17,USA,SaaS,51-200,SMB
CUST_2712,2025-10-16,UK,Unknown,1-10,SMB
CUST_2713,2025-10-05,USA,Finance,unknown,ENT
CUST_2714,2025-06-02,Canada,SaaS,unknown,MID
 CUST_2715 ,2025-06-20,Unknown,Finance,500+,MID
CUST_2716,2025-08-11,UK,E-commerce,1-10,MID
CUST_2717,2025-10-07,USA,Healthcare,11-50,MID
CUST_2718,2025-07-16,Canada,Unknown,51-200,ENT
CUST_2719,2025-04-26,Unknown,Logistics,500+,MID
CUST_2720,2025-11-03,Unknown,Logistics,51-200,MID
CUST_2721,2025-04-26,USA,Finance,unknown,SMB
CUST_2722,2025-04-08,Unknown,Healthcare,unknown,MID
CUST_2723,2025-08-06,Canada,SaaS,unknown,SMB
CUST_2724,2025-11-20,USA,Logistics,11-50,SMB
CUST_2725,2025-01-20,UK,SaaS,51-200,ENT
CUST_2726,2025-11-23,USA,Logistics,201-500,MID
 CUST_2727 ,2025-09-21,Unknown,E-commerce,11-50,ENT
CUST_2728,2025-07-06,USA,SaaS,1-10,MID
CUST_2729,2025-11-23,Unknown,Finance,51-200,ENT
CUST_2730,2025-10-28,USA,Finance,11-50,ENT
CUST_2731,2025-12-05,USA,E-commerce,51-200,SMB
CUST_2732,2025-06-05,Unknown,Unknown,1-10,ENT
CUST_2733,2025-12-31,Canada,Unknown,unknown,ENT
CUST_2734,2025-02-13,UK,E-commerce,11-50,MID
CUST_2735,2025-03-25,UK,E-commerce,11-50,ENT
CUST_2736,2025-06-07,Canada,Unknown,unknown,ENT
CUST_2737,2025-01-15,USA,Healthcare,1-10,MID
CUST_2738,2025-03-18,USA,E-commerce,201-500,MID
CUST_2739,2025-04-25,USA,SaaS,unknown,SMB
CUST_2740,2025-07-26,USA,Unknown,201-500,SMB
CUST_2741,2025-06-28,Canada,Logistics,unknown,ENT
CUST_2742,2025-03-12,Canada,Healthcare,500+,MID
CUST_2743,2025-04-04,USA,Healthcare,201-500,MID
CUST_2744,2025-08-19,Unknown,Unknown,11-50,MID
CUST_2745,2025-12-28,Unknown,SaaS,51-200,MID
 CUST_2746 ,2025-03-02,UK,SaaS,500+,MID
CUST_2747,2025-12-10,USA,Healthcare,11-50,MID
CUST_2748,2025-07-25,Canada,Unknown,1-10,SMB
CUST_2749,2025-03-13,Unknown,SaaS,unknown,MID
 CUST_2750 ,2025-10-15,USA,SaaS,11-50,MID
CUST_2751,2025-10-16,Unknown,Logistics,51-200,MID
CUST_2752,2025-08-13,Canada,Unknown,11-50,ENT
CUST_2753,2025-08-07,USA,Logistics,51-200,SMB
CUST_2754,2025-09-25,Unknown,Logistics,11-50,ENT
CUST_2755,2025-10-07,Canada,Logistics,11-50,SMB
 CUST_2756 ,2025-10-19,Canada,Finance,unknown,SMB
CUST_2757,2025-12-23,USA,Unknown,11-50,MID
CUST_2758,2025-02-03,Canada,Healthcare,1-10,MID
CUST_2759,2025-02-11,USA,SaaS,51-200,ENT
CUST_2760,2025-07-01,UK,SaaS,11-50,ENT
CUST_2761,2025-06-28,Canada,Unknown,500+,MID
CUST_2762,2025-04-13,UK,Unknown,201-500,SMB
CUST_2763,2025-10-13,USA,SaaS,51-200,MID
CUST_2764,2025-03-29,Canada,Logistics,201-500,MID
CUST_2765,2025-08-29,USA,Healthcare,unknown,ENT
CUST_2766,2025-05-11,USA,E-commerce,unknown,SMB
CUST_2767,2025-06-15,Canada,Unknown,201-500,MID
CUST_2768,2025-03-10,Canada,Finance,201-500,SMB
CUST_2769,2025-10-08,UK,Unknown,51-200,ENT
CUST_2770,2025-08-03,Canada,Logistics,201-500,SMB
CUST_2771,2025-12-13,Unknown,Unknown,500+,SMB
 CUST_2772 ,2025-07-04,UK,Finance,201-500,SMB
CUST_2773,2025-03-19,Canada,Logistics,201-500,MID
CUST_2774,2025-03-23,USA,E-commerce,unknown,ENT
CUST_2775,2025-02-20,Unknown,Logistics,unknown,SMB
CUST_2776,2025-04-20,Canada,Unknown,51-200,SMB
CUST_2777,2025-10-14,USA,Finance,1-10,SMB
CUST_2778,2025-01-03,USA,SaaS,500+,SMB
 CUST_2779 ,2025-03-05,Canada,Finance,51-200,ENT
CUST_2780,2025-08-07,UK,Finance,unknown,ENT
CUST_2781,2025-12-19,UK,Finance,1-10,ENT
 CUST_2782 ,2025-08-10,USA,SaaS,201-500,MID
CUST_2783,2025-02-16,Unknown,E-commerce,1-10,MID
CUST_2784,2025-03-25,USA,Logistics,201-500,MID
CUST_2785,2025-10-11,Unknown,Healthcare,1-10,ENT
CUST_2786,2025-10-28,Canada,Healthcare,unknown,ENT
CUST_2787,2025-02-08,USA,SaaS,51-200,SMB
CUST_2788,2025-07-29,USA,SaaS,51-200,MID
CUST_2789,2025-06-15,USA,Finance,1-10,MID
CUST_2790,2025-04-16,UK,Finance,51-200,MID
CUST_2791,2025-08-06,Unknown,Logistics,11-50,SMB
CUST_2792,2025-01-12,USA,SaaS,201-500,ENT
CUST_2793,2025-04-21,USA,Finance,unknown,SMB
CUST_2794,2025-08-09,USA,Unknown,51-200,MID
CUST_2795,2025-05-27,Unknown,Logistics,201-500,ENT
CUST_2796,2025-02-23,UK,Logistics,201-500,MID
 CUST_2797 ,2025-03-20,Canada,E-commerce,1-10,ENT
CUST_2798,2025-07-10,Canada,Logistics,51-200,SMB
CUST_2799,2025-01-11,Unknown,SaaS,500+,MID
CUST_2800,2025-02-08,USA,Healthcare,1-10,MID
CUST_2801,2025-05-12,USA,Logistics,201-500,ENT
CUST_2802,2025-06-18,USA,Finance,unknown,MID
CUST_2803,2025-11-24,Canada,Logistics,500+,MID
CUST_2804,2025-09-11,Unknown,SaaS,unknown,ENT
CUST_2805,2025-11-15,Canada,E-commerce,11-50,MID
CUST_2806,2025-08-26,UK,Healthcare,201-500,ENT
CUST_2807,2025-02-17,UK,Logistics,1-10,SMB
CUST_2808,2025-07-16,UK,SaaS,201-500,MID
CUST_2809,2025-01-24,Unknown,E-commerce,1-10,MID
 CUST_2810 ,2025-01-29,USA,SaaS,500+,MID
CUST_2811,2025-12-11,USA,SaaS,1-10,MID
CUST_2812,2025-12-21,Unknown,SaaS,11-50,ENT
CUST_2813,2025-08-14,USA,Healthcare,11-50,MID
 CUST_2814 ,2025-10-21,Unknown,Healthcare,51-200,SMB
CUST_2815,2025-02-27,UK,Unknown,11-50,MID
CUST_2816,2025-08-12,USA,E-commerce,11-50,MID
CUST_2817,2025-07-30,USA,Logistics,500+,ENT
CUST_2818,2025-03-10,Unknown,E-commerce,201-500,SMB
CUST_2819,2025-12-08,Canada,SaaS,11-50,ENT
CUST_2820,2025-04-24,Canada,E-commerce,51-200,MID
CUST_2821,2025-07-07,Unknown,Finance,500+,ENT
CUST_2822,2025-05-24,USA,E-commerce,11-50,ENT
CUST_2823,2025-06-04,USA,Healthcare,500+,SMB
CUST_2824,2025-07-29,USA,E-commerce,1-10,ENT
 CUST_2825 ,2025-07-23,Canada,E-commerce,51-200,ENT
CUST_2826,2025-06-07,USA,Logistics,201-500,ENT
CUST_2827,2025-12-09,UK,Finance,51-200,ENT
CUST_2828,2025-08-18,Unknown,SaaS,1-10,ENT
CUST_2829,2025-12-12,UK,SaaS,unknown,SMB
CUST_2830,2025-04-26,USA,SaaS,1-10,MID
CUST_2831,2025-01-14,Unknown,E-commerce,unknown,ENT
CUST_2832,2025-11-04,USA,Logistics,unknown,MID
CUST_2833,2025-05-09,USA,Healthcare,1-10,SMB
CUST_2834,2025-04-19,Unknown,Logistics,11-50,MID
CUST_2835,2025-12-04,USA,Finance,1-10,MID
CUST_2836,2025-12-04,UK,SaaS,201-500,MID
CUST_2837,2025-05-17,USA,Logistics,11-50,MID
CUST_2838,2025-06-24,USA,Logistics,1-10,MID
CUST_2839,2025-01-30,Canada,Healthcare,1-10,ENT
CUST_2840,2025-07-08,USA,SaaS,51-200,MID
CUST_2841,2025-01-29,Canada,Finance,unknown,ENT
 CUST_2842 ,2025-01-06,USA,Unknown,11-50,ENT
CUST_2843,2025-06-26,USA,Healthcare,11-50,ENT
CUST_2844,2025-06-04,Canada,SaaS,1-10,MID
CUST_2845,2025-08-31,UK,SaaS,11-50,MID
CUST_2846,2025-10-31,USA,Finance,1-10,ENT
CUST_2847,2025-01-29,USA,Healthcare,500+,MID
CUST_2848,2025-02-09,USA,SaaS,51-200,MID
CUST_2849,2025-10-03,Canada,Healthcare,unknown,SMB
CUST_2850,2025-02-01,Unknown,Healthcare,11-50,ENT
CUST_2851,2025-05-16,USA,Logistics,11-50,MID
CUST_2852,2025-06-15,Unknown,SaaS,1-10,SMB
CUST_2853,2025-09-03,Unknown,Healthcare,11-50,SMB
CUST_2854,2025-01-06,UK,Logistics,500+,SMB
CUST_2855,2025-12-22,UK,Finance,51-200,MID
CUST_2856,2025-11-17,Canada,Healthcare,11-50,ENT
 CUST_2857 ,2025-08-29,UK,SaaS,500+,SMB
CUST_2858,2025-05-22,Canada,SaaS,unknown,MID
CUST_2859,2025-08-30,USA,Logistics,51-200,MID
CUST_2860,2025-11-26,UK,Logistics,unknown,SMB
CUST_2861,2025-01-04,USA,Logistics,51-200,SMB
CUST_2862,2025-08-31,UK,SaaS,1-10,ENT
CUST_2863,2025-01-07,USA,Finance,201-500,MID
CUST_2864,2025-08-18,UK,E-commerce,51-200,MID
 CUST_2865 ,2025-08-20,Unknown,Logistics,500+,ENT
CUST_2866,2025-02-21,USA,E-commerce,500+,MID
 CUST_2867 ,2025-10-26,UK,Finance,500+,MID
CUST_2868,2025-09-23,Canada,SaaS,51-200,SMB
CUST_2869,2025-11-13,USA,Unknown,201-500,SMB
CUST_2870,2025-06-25,USA,E-commerce,1-10,MID
CUST_2871,2025-07-11,USA,Finance,51-200,SMB
CUST_2872,2025-03-30,Canada,Finance,11-50,SMB
CUST_2873,2025-01-19,UK,Finance,1-10,SMB
CUST_2874,2025-02-22,Canada,SaaS,500+,MID
CUST_2875,2025-04-17,Unknown,Finance,500+,SMB
CUST_2876,2025-02-23,Unknown,Healthcare,11-50,SMB
CUST_2877,2025-07-04,Canada,Logistics,51-200,SMB
CUST_2878,2025-06-30,Unknown,SaaS,51-200,MID
CUST_2879,2025-08-14,UK,E-commerce,1-10,MID
 CUST_2880 ,2025-01-06,Canada,Healthcare,1-10,SMB
CUST_2881,2025-11-25,USA,SaaS,1-10,SMB
CUST_2882,2025-10-18,USA,Unknown,51-200,SMB
 CUST_2883 ,2025-04-27,Unknown,Logistics,11-50,ENT
CUST_2884,2025-01-14,Canada,Unknown,unknown,SMB
CUST_2885,2025-05-28,Canada,Logistics,201-500,ENT
CUST_2886,2025-03-11,UK,Logistics,1-10,MID
CUST_2887,2025-12-21,USA,Healthcare,51-200,SMB
 CUST_2888 ,2025-09-20,Unknown,Unknown,500+,MID
CUST_2889,2025-02-22,Canada,SaaS,51-200,MID
CUST_2890,2025-09-11,Canada,SaaS,201-500,MID
CUST_2891,2025-06-20,Canada,Unknown,201-500,MID
CUST_2892,2025-02-13,UK,SaaS,51-200,ENT
CUST_2893,2025-09-25,USA,Healthcare,unknown,SMB
CUST_2894,2025-04-15,UK,SaaS,unknown,ENT
 CUST_2895 ,2025-02-08,Unknown,Unknown,201-500,SMB
CUST_2896,2025-01-14,UK,SaaS,201-500,MID
CUST_2897,2025-12-01,UK,Healthcare,11-50,ENT
CUST_2898,2025-03-16,UK,Unknown,1-10,SMB
 CUST_2899 ,2025-06-09,UK,Finance,201-500,SMB
CUST_2900,2025-06-14,Canada,E-commerce,unknown,ENT
CUST_2901,2025-12-22,Unknown,Finance,1-10,SMB
CUST_2902,2025-08-08,UK,E-commerce,11-50,MID
 CUST_2903 ,2025-08-30,UK,Finance,unknown,MID
CUST_2904,2025-11-18,USA,Unknown,unknown,ENT
CUST_2905,2025-12-08,UK,Finance,51-200,MID
CUST_2906,2025-08-27,UK,Unknown,unknown,MID
CUST_2907,2025-06-01,UK,SaaS,51-200,ENT
CUST_2908,2025-07-14,UK,Finance,500+,ENT
CUST_2909,2025-11-13,USA,Finance,unknown,MID
CUST_2910,2025-09-18,Unknown,E-commerce,unknown,SMB
CUST_2911,2025-06-12,USA,Unknown,201-500,ENT
CUST_2912,2025-05-22,Canada,Healthcare,11-50,SMB
 CUST_2913 ,2025-03-03,USA,Logistics,500+,MID
CUST_2914,2025-10-20,Unknown,Logistics,500+,ENT
CUST_2915,2025-04-18,USA,Finance,500+,ENT
CUST_2916,2025-09-16,UK,Healthcare,51-200,ENT
CUST_2917,2025-10-05,Unknown,Logistics,11-50,ENT
CUST_2918,2025-01-25,Canada,SaaS,500+,SMB
CUST_2919,2025-01-01,Canada,Healthcare,51-200,ENT
CUST_2920,2025-01-18,UK,Healthcare,201-500,SMB
 CUST_2921 ,2025-07-28,UK,Unknown,201-500,MID
CUST_2922,2025-06-28,Unknown,SaaS,11-50,MID
CUST_2923,2025-01-04,Canada,Logistics,500+,ENT
CUST_2924,2025-01-17,Unknown,Finance,500+,SMB
CUST_2925,2025-02-10,Canada,Healthcare,unknown,MID
CUST_2926,2025-01-24,Unknown,Finance,1-10,MID
CUST_2927,2025-11-03,UK,Healthcare,51-200,MID
CUST_2928,2025-12-09,UK,Healthcare,51-200,MID
CUST_2929,2025-10-17,Canada,Healthcare,1-10,MID
CUST_2930,2025-08-11,UK,E-commerce,51-200,MID
CUST_2931,2025-09-22,USA,E-commerce,1-10,SMB
CUST_2932,2025-12-22,UK,Healthcare,51-200,ENT
CUST_2933,2025-03-14,Canada,Finance,51-200,SMB
CUST_2934,2025-01-23,Unknown,Unknown,11-50,ENT
CUST_2935,2025-01-19,Canada,SaaS,11-50,ENT
CUST_2936,2025-01-16,UK,Healthcare,500+,ENT
CUST_2937,2025-12-10,Unknown,Healthcare,11-50,ENT
CUST_2938,2025-08-04,Canada,Healthcare,unknown,SMB
CUST_2939,2025-04-18,USA,Logistics,11-50,ENT
 CUST_2940 ,2025-01-23,USA,Logistics,500+,MID
CUST_2941,2025-09-17,USA,SaaS,51-200,MID
CUST_2942,2025-04-29,USA,Unknown,51-200,SMB
CUST_2943,2025-09-04,USA,Healthcare,201-500,MID
CUST_2944,2025-01-10,Unknown,Healthcare,500+,ENT
CUST_2945,2025-01-28,Unknown,Finance,1-10,SMB
CUST_2946,2025-06-25,Unknown,Finance,51-200,ENT
CUST_2947,2025-09-20,Canada,Logistics,unknown,SMB
CUST_2948,2025-08-22,USA,SaaS,1-10,ENT
CUST_2949,2025-08-31,Unknown,E-commerce,11-50,MID
CUST_2950,2025-09-23,USA,E-commerce,unknown,ENT
CUST_2951,2025-11-06,USA,Healthcare,201-500,MID
CUST_2952,2025-11-08,UK,SaaS,11-50,ENT
CUST_2953,2025-02-15,Canada,Logistics,500+,SMB
CUST_2954,2025-10-07,USA,E-commerce,1-10,SMB
CUST_2955,2025-05-07,UK,E-commerce,11-50,MID
CUST_2956,2025-06-24,UK,Healthcare,201-500,ENT
CUST_2957,2025-02-19,USA,Healthcare,1-10,ENT
CUST_2958,2025-03-21,Canada,E-commerce,201-500,SMB
CUST_2959,2025-08-02,Unknown,SaaS,51-200,MID
CUST_2960,2025-03-19,Unknown,Finance,11-50,ENT
CUST_2961,2025-08-07,USA,SaaS,unknown,SMB
CUST_2962,2025-12-07,UK,Logistics,11-50,MID
CUST_2963,2025-07-26,Unknown,Logistics,11-50,MID
CUST_2964,2025-07-01,USA,SaaS,1-10,MID
CUST_2965,2025-04-01,Canada,Logistics,11-50,MID
CUST_2966,2025-02-06,USA,SaaS,51-200,MID
 CUST_2967 ,2025-05-22,UK,E-commerce,11-50,MID
CUST_2968,2025-11-29,UK,Finance,unknown,SMB
CUST_2969,2025-09-17,USA,Logistics,51-200,ENT
CUST_2970,2025-07-03,USA,Unknown,unknown,MID
CUST_2971,2025-12-27,USA,Healthcare,500+,MID
CUST_2972,2025-01-13,USA,SaaS,1-10,ENT
CUST_2973,2025-01-16,USA,Finance,201-500,ENT
 CUST_2974 ,2025-09-01,USA,Unknown,201-500,MID
CUST_2975,2025-03-17,USA,Finance,51-200,MID
CUST_2976,2025-09-28,USA,SaaS,51-200,SMB
CUST_2977,2025-12-06,Canada,Logistics,51-200,SMB
CUST_2978,2025-07-19,UK,Unknown,201-500,SMB
CUST_2979,2025-07-09,Unknown,Healthcare,500+,MID
CUST_2980,2025-02-12,Unknown,Healthcare,500+,MID
CUST_2981,2025-05-08,Unknown,Healthcare,unknown,ENT
CUST_2982,2025-05-16,Unknown,SaaS,201-500,ENT
 CUST_2983 ,2025-12-01,USA,E-commerce,51-200,MID
CUST_2984,2025-08-14,USA,SaaS,51-200,ENT
CUST_2985,2025-01-07,Canada,E-commerce,201-500,SMB
CUST_2986,2025-04-24,Canada,SaaS,11-50,ENT
CUST_2987,2025-11-05,Unknown,Unknown,51-200,SMB
CUST_2988,2025-09-25,Unknown,Unknown,51-200,MID
CUST_2989,2025-11-24,Unknown,E-commerce,500+,MID
CUST_2990,2025-08-06,UK,Healthcare,11-50,ENT
CUST_2991,2025-05-28,Canada,Finance,unknown,ENT
CUST_2992,2025-06-24,UK,SaaS,1-10,ENT
CUST_2993,2025-08-23,USA,Healthcare,500+,MID
CUST_2994,2025-08-10,UK,Unknown,51-200,MID
CUST_2995,2025-01-04,UK,Healthcare,1-10,SMB
CUST_2996,2025-01-05,Canada,SaaS,unknown,ENT
CUST_2997,2025-10-29,USA,Healthcare,11-50,ENT
CUST_2998,2025-02-12,Unknown,Unknown,201-500,ENT
CUST_2999,2025-01-07,Canada,E-commerce,51-200,ENT
CUST_3000,2025-07-25,Unknown,Unknown,11-50,SMB
CUST_3001,2025-10-04,Canada,E-commerce,unknown,MID
CUST_3002,2025-04-16,Unknown,E-commerce,500+,ENT
CUST_3003,2025-12-05,USA,Finance,11-50,MID
CUST_3004,2025-08-15,USA,Logistics,500+,SMB
CUST_3005,2025-10-23,UK,SaaS,1-10,MID
CUST_3006,2025-09-14,Unknown,E-commerce,51-200,MID
CUST_3007,2025-09-03,Canada,SaaS,unknown,SMB
 CUST_3008 ,2025-04-26,Unknown,SaaS,11-50,ENT
CUST_3009,2025-05-08,Unknown,Finance,unknown,ENT
CUST_3010,2025-09-03,USA,Unknown,1-10,ENT
CUST_3011,2025-07-14,UK,Finance,unknown,MID
CUST_3012,2025-11-17,USA,Healthcare,1-10,MID
CUST_3013,2025-07-13,USA,E-commerce,500+,MID
CUST_3014,2025-12-29,Canada,Finance,1-10,SMB
CUST_3015,2025-08-17,Canada,Healthcare,unknown,SMB
CUST_3016,2025-11-27,UK,SaaS,51-200,SMB
CUST_3017,2025-05-03,Unknown,Healthcare,1-10,SMB
 CUST_3018 ,2025-11-21,USA,Healthcare,11-50,MID
CUST_3019,2025-08-12,USA,Logistics,201-500,MID
 CUST_3020 ,2025-11-03,UK,Finance,201-500,ENT
CUST_3021,2025-01-12,Unknown,Healthcare,500+,SMB
CUST_3022,2025-02-27,Canada,E-commerce,11-50,SMB
CUST_3023,2025-09-18,UK,Healthcare,1-10,SMB
 CUST_3024 ,2025-05-08,Canada,Finance,1-10,SMB
CUST_3025,2025-09-25,UK,SaaS,201-500,MID
CUST_3026,2025-10-19,Unknown,Logistics,51-200,MID
CUST_3027,2025-07-26,USA,Unknown,201-500,MID
CUST_3028,2025-12-05,USA,SaaS,201-500,MID
CUST_3029,2025-08-05,UK,Finance,500+,SMB
CUST_3030,2025-07-31,UK,SaaS,500+,ENT
CUST_3031,2025-04-22,Canada,Unknown,11-50,ENT
CUST_3032,2025-04-02,USA,SaaS,1-10,MID
CUST_3033,2025-02-05,USA,Unknown,201-500,MID
CUST_3034,2025-02-14,USA,E-commerce,11-50,MID
CUST_3035,2025-04-19,Canada,Unknown,201-500,MID
CUST_3036,2025-01-03,UK,E-commerce,1-10,ENT
CUST_3037,2025-11-22,Unknown,Healthcare,500+,SMB
 CUST_3038 ,2025-05-05,Unknown,Healthcare,500+,SMB
CUST_3039,2025-10-06,Canada,Unknown,1-10,SMB
CUST_3040,2025-06-13,Unknown,Healthcare,51-200,ENT
CUST_3041,2025-02-06,UK,E-commerce,201-500,MID
CUST_3042,2025-02-15,Unknown,Unknown,51-200,SMB
 CUST_3043 ,2025-08-24,USA,E-commerce,201-500,SMB
 CUST_3044 ,2025-12-12,USA,Healthcare,201-500,ENT
CUST_3045,2025-06-16,USA,Healthcare,unknown,MID
CUST_3046,2025-06-16,USA,SaaS,11-50,MID
CUST_3047,2025-01-24,Unknown,Healthcare,500+,SMB
 CUST_3048 ,2025-07-05,USA,Finance,unknown,SMB
CUST_3049,2025-12-22,USA,SaaS,1-10,SMB
CUST_3050,2025-05-29,Canada,Healthcare,unknown,SMB
CUST_3051,2025-01-18,USA,Logistics,1-10,ENT
CUST_3052,2025-06-10,UK,Healthcare,1-10,SMB
CUST_3053,2025-12-22,USA,E-commerce,11-50,ENT
CUST_3054,2025-01-24,Canada,Healthcare,unknown,SMB
CUST_3055,2025-07-20,Unknown,Finance,201-500,ENT
CUST_3056,2025-05-10,UK,Finance,201-500,SMB
CUST_3057,2025-08-09,USA,Finance,201-500,SMB
CUST_3058,2025-05-09,Canada,E-commerce,unknown,MID
CUST_3059,2025-01-24,Canada,Logistics,1-10,MID
CUST_3060,2025-09-19,Canada,SaaS,unknown,SMB
CUST_3061,2025-08-03,Canada,E-commerce,201-500,MID
CUST_3062,2025-10-11,USA,Finance,51-200,MID
CUST_3063,2025-09-25,USA,Unknown,201-500,SMB
CUST_3064,2025-02-03,UK,E-commerce,51-200,SMB
CUST_3065,2025-11-24,Unknown,Logistics,51-200,SMB
CUST_3066,2025-09-12,USA,E-commerce,201-500,MID
CUST_3067,2025-10-02,USA,Logistics,500+,MID
CUST_3068,2025-12-26,Canada,Healthcare,1-10,MID
CUST_3069,2025-07-02,Canada,SaaS,201-500,SMB
CUST_3070,2025-08-11,USA,Unknown,1-10,SMB
CUST_3071,2025-11-25,Unknown,Healthcare,201-500,SMB
CUST_3072,2025-12-30,UK,SaaS,51-200,SMB
CUST_3073,2025-02-23,USA,Logistics,1-10,ENT
CUST_3074,2025-07-03,UK,Healthcare,11-50,SMB
CUST_3075,2025-03-31,Canada,E-commerce,1-10,MID
CUST_3076,2025-03-24,UK,Finance,1-10,ENT
CUST_3077,2025-12-25,Canada,Logistics,201-500,SMB
CUST_3078,2025-12-14,UK,Finance,1-10,ENT
CUST_3079,2025-08-07,USA,Unknown,11-50,ENT
CUST_3080,2025-04-14,Unknown,Unknown,201-500,MID
CUST_3081,2025-03-18,UK,SaaS,1-10,MID
 CUST_3082 ,2025-08-31,USA,E-commerce,51-200,ENT
CUST_3083,2025-10-08,USA,Logistics,201-500,ENT
 CUST_3084 ,2025-08-02,Canada,Logistics,11-50,MID
CUST_3085,2025-03-21,Unknown,Finance,500+,MID
CUST_3086,2025-08-03,Canada,Unknown,51-200,ENT
CUST_3087,2025-09-02,Canada,Healthcare,unknown,MID
CUST_3088,2025-11-07,Unknown,Unknown,11-50,MID
CUST_3089,2025-06-28,USA,Healthcare,11-50,ENT
CUST_3090,2025-06-22,USA,Finance,201-500,SMB
CUST_3091,2025-07-12,Canada,E-commerce,51-200,ENT
CUST_3092,2025-04-25,USA,E-commerce,201-500,SMB
CUST_3093,2025-03-11,UK,Unknown,1-10,MID
 CUST_3094 ,2025-12-05,USA,SaaS,unknown,ENT
 CUST_3095 ,2025-08-13,UK,Healthcare,51-200,ENT
CUST_3096,2025-09-22,USA,E-commerce,51-200,ENT
CUST_3097,2025-07-18,UK,E-commerce,unknown,ENT
CUST_3098,2025-12-01,UK,Healthcare,51-200,ENT
CUST_3099,2025-10-29,Unknown,E-commerce,500+,MID
CUST_3100,2025-03-16,Canada,Finance,unknown,ENT
CUST_3101,2025-06-05,USA,E-commerce,unknown,ENT
CUST_3102,2025-08-03,USA,Unknown,1-10,ENT
CUST_3103,2025-12-14,Unknown,Logistics,51-200,ENT
CUST_3104,2025-07-22,Unknown,Finance,1-10,MID
CUST_3105,2025-08-10,Canada,Finance,51-200,SMB
CUST_3106,2025-08-17,Canada,Healthcare,201-500,ENT
 CUST_3107 ,2025-07-03,USA,Healthcare,201-500,ENT
CUST_3108,2025-06-17,UK,SaaS,500+,MID
CUST_3109,2025-11-14,USA,SaaS,unknown,ENT
CUST_3110,2025-05-29,Canada,SaaS,500+,SMB
 CUST_3111 ,2025-08-03,UK,Finance,unknown,ENT
CUST_3112,2025-04-02,USA,Logistics,11-50,SMB
CUST_3113,2025-04-01,Canada,Unknown,500+,MID
CUST_3114,2025-02-17,Unknown,Logistics,201-500,ENT
CUST_3115,2025-01-23,USA,Finance,11-50,SMB
CUST_3116,2025-03-11,USA,Finance,201-500,SMB
CUST_3117,2025-04-06,Canada,SaaS,201-500,ENT
CUST_3118,2025-06-27,UK,Logistics,1-10,MID
CUST_3119,2025-12-20,Canada,Logistics,1-10,MID
CUST_3120,2025-02-13,UK,E-commerce,51-200,MID
CUST_3121,2025-06-25,USA,Unknown,11-50,MID
CUST_3122,2025-02-15,UK,Finance,201-500,SMB
CUST_3123,2025-12-18,USA,Finance,11-50,SMB
CUST_3124,2025-06-12,UK,Finance,1-10,MID
CUST_3125,2025-06-18,USA,SaaS,unknown,SMB
CUST_3126,2025-06-14,Canada,Finance,unknown,MID
CUST_3127,2025-05-04,UK,E-commerce,unknown,ENT
CUST_3128,2025-09-09,UK,Healthcare,11-50,ENT
CUST_3129,2025-04-17,UK,E-commerce,51-200,MID
CUST_3130,2025-07-29,Unknown,E-commerce,unknown,SMB
CUST_3131,2025-07-06,UK,E-commerce,11-50,ENT
CUST_3132,2025-05-15,USA,Finance,500+,ENT
CUST_3133,2025-11-09,Unknown,E-commerce,1-10,MID
 CUST_3134 ,2025-06-26,Unknown,E-commerce,1-10,MID
CUST_3135,2025-09-27,UK,Unknown,500+,MID
CUST_3136,2025-06-12,Canada,SaaS,1-10,MID
CUST_3137,2025-06-01,USA,Finance,unknown,SMB
CUST_3138,2025-11-29,Canada,Logistics,1-10,ENT
CUST_3139,2025-06-23,Unknown,Logistics,1-10,ENT
 CUST_3140 ,2025-09-28,USA,SaaS,500+,SMB
CUST_3141,2025-01-09,Unknown,SaaS,1-10,ENT
CUST_3142,2025-01-11,Unknown,SaaS,201-500,SMB
CUST_3143,2025-01-28,Canada,Unknown,201-500,ENT
CUST_3144,2025-04-08,USA,Unknown,11-50,SMB
 CUST_3145 ,2025-08-15,Unknown,Unknown,unknown,ENT
CUST_3146,2025-06-07,Canada,Unknown,11-50,ENT
CUST_3147,2025-06-25,Canada,SaaS,201-500,MID
CUST_3148,2025-07-11,Canada,SaaS,unknown,SMB
CUST_3149,2025-07-11,Canada,SaaS,51-200,ENT
CUST_3150,2025-02-19,USA,Unknown,51-200,SMB
CUST_3151,2025-06-28,Unknown,Healthcare,11-50,SMB
CUST_3152,2025-10-02,Unknown,SaaS,unknown,MID
CUST_3153,2025-10-17,UK,Finance,500+,ENT
CUST_3154,2025-04-17,Unknown,E-commerce,1-10,SMB
CUST_3155,2025-12-17,UK,Unknown,unknown,SMB
CUST_3156,2025-09-14,Canada,Finance,51-200,ENT
CUST_3157,2025-05-20,Unknown,Unknown,unknown,ENT
CUST_3158,2025-11-29,Unknown,E-commerce,500+,ENT
CUST_3159,2025-10-03,USA,Healthcare,51-200,SMB
CUST_3160,2025-04-01,Canada,Unknown,51-200,SMB
CUST_3161,2025-10-04,USA,Finance,201-500,ENT
CUST_3162,2025-03-09,Unknown,Healthcare,51-200,MID
 CUST_3163 ,2025-09-03,Canada,Finance,11-50,MID
CUST_3164,2025-12-17,USA,SaaS,201-500,ENT
CUST_3165,2025-07-20,UK,Finance,unknown,MID
CUST_3166,2025-02-11,Unknown,Unknown,201-500,SMB
CUST_3167,2025-06-25,Canada,Logistics,500+,ENT
CUST_3168,2025-08-18,Canada,Finance,unknown,SMB
CUST_3169,2025-02-24,Canada,SaaS,201-500,MID
CUST_3170,2025-10-07,UK,Unknown,11-50,SMB
CUST_3171,2025-07-09,Unknown,Finance,1-10,MID
CUST_3172,2025-08-01,USA,Logistics,1-10,MID
CUST_3173,2025-10-02,Unknown,Finance,201-500,ENT
CUST_3174,2025-12-18,UK,Logistics,51-200,ENT
CUST_3175,2025-05-13,UK,SaaS,201-500,MID
CUST_3176,2025-05-19,USA,Logistics,201-500,SMB
CUST_3177,2025-07-20,USA,Unknown,11-50,ENT
CUST_3178,2025-02-22,Canada,SaaS,11-50,MID
CUST_3179,2025-03-31,USA,SaaS,11-50,ENT
 CUST_3180 ,2025-06-23,USA,SaaS,unknown,SMB
CUST_3181,2025-10-12,UK,Unknown,51-200,SMB
CUST_3182,2025-10-11,UK,Unknown,51-200,MID
 CUST_3183 ,2025-01-31,UK,Healthcare,11-50,ENT
CUST_3184,2025-09-28,UK,Logistics,500+,ENT
CUST_3185,2025-07-04,USA,E-commerce,500+,ENT
CUST_3186,2025-05-01,USA,Healthcare,unknown,SMB
CUST_3187,2025-03-11,USA,Finance,51-200,ENT
CUST_3188,2025-06-02,Unknown,Unknown,unknown,ENT
CUST_3189,2025-09-22,Unknown,Finance,51-200,MID
CUST_3190,2025-05-19,Canada,E-commerce,1-10,SMB
CUST_3191,2025-08-18,UK,Unknown,unknown,MID
CUST_3192,2025-10-22,USA,Unknown,1-10,MID
CUST_3193,2025-11-07,USA,Finance,unknown,SMB
CUST_3194,2025-02-19,USA,Unknown,201-500,SMB
CUST_3195,2025-04-24,Unknown,Healthcare,11-50,SMB
CUST_3196,2025-08-26,UK,SaaS,11-50,ENT
CUST_3197,2025-12-09,Canada,SaaS,1-10,MID
CUST_3198,2025-11-30,Unknown,Finance,500+,MID
CUST_3199,2025-11-05,USA,Unknown,201-500,SMB
CUST_3200,2025-10-10,USA,SaaS,500+,ENT
CUST_3201,2025-10-15,Unknown,SaaS,51-200,ENT
CUST_3202,2025-08-05,Canada,Finance,201-500,SMB
 CUST_3203 ,2025-02-01,USA,Logistics,1-10,ENT
CUST_3204,2025-09-09,USA,Healthcare,11-50,MID
CUST_3205,2025-06-03,UK,Unknown,51-200,ENT
CUST_3206,2025-06-05,UK,Unknown,500+,ENT
CUST_3207,2025-09-03,Canada,SaaS,51-200,MID
CUST_3208,2025-04-02,UK,Healthcare,201-500,MID
CUST_3209,2025-07-11,USA,SaaS,11-50,MID
CUST_3210,2025-01-05,USA,Unknown,11-50,SMB
CUST_3211,2025-04-27,Canada,Healthcare,201-500,SMB
CUST_3212,2025-02-16,Unknown,Finance,1-10,ENT
CUST_3213,2025-09-04,Unknown,Healthcare,500+,MID
CUST_3214,2025-11-30,Unknown,Finance,201-500,MID
CUST_3215,2025-06-05,Canada,Unknown,unknown,ENT
CUST_3216,2025-10-22,USA,E-commerce,1-10,MID
CUST_3217,2025-10-22,USA,Unknown,51-200,ENT
CUST_3218,2025-12-23,Unknown,Finance,500+,SMB
CUST_3219,2025-11-15,USA,SaaS,11-50,ENT
CUST_3220,2025-11-23,Canada,SaaS,11-50,MID
CUST_3221,2025-11-27,UK,Finance,1-10,MID
 CUST_3222 ,2025-11-20,Canada,Unknown,11-50,ENT
CUST_3223,2025-03-11,USA,Unknown,51-200,ENT
CUST_3224,2025-09-21,Canada,Finance,unknown,SMB
CUST_3225,2025-05-12,Canada,Logistics,201-500,ENT
CUST_3226,2025-02-26,USA,Unknown,51-200,SMB
CUST_3227,2025-08-04,Unknown,E-commerce,51-200,ENT
CUST_3228,2025-06-24,Unknown,Logistics,11-50,MID
CUST_3229,2025-10-19,USA,Healthcare,1-10,ENT
CUST_3230,2025-03-21,USA,E-commerce,51-200,ENT
CUST_3231,2025-02-06,USA,E-commerce,11-50,ENT
CUST_3232,2025-11-11,Canada,Healthcare,51-200,ENT
CUST_3233,2025-02-27,UK,Finance,1-10,ENT
CUST_3234,2025-08-28,Canada,E-commerce,1-10,ENT
 CUST_3235 ,2025-09-18,USA,E-commerce,201-500,ENT
CUST_3236,2025-09-16,USA,Finance,500+,MID
CUST_3237,2025-12-20,USA,Healthcare,1-10,SMB
CUST_3238,2025-12-08,Canada,SaaS,1-10,SMB
CUST_3239,2025-12-05,Unknown,Finance,500+,MID
CUST_3240,2025-03-07,USA,SaaS,500+,ENT
CUST_3241,2025-02-06,USA,Logistics,1-10,MID
CUST_3242,2025-11-18,UK,Logistics,1-10,SMB
 CUST_3243 ,2025-01-04,USA,Logistics,201-500,SMB
CUST_3244,2025-09-01,USA,Healthcare,11-50,MID
CUST_3245,2025-01-04,UK,Healthcare,201-500,ENT
CUST_3246,2025-04-19,USA,Unknown,1-10,SMB
CUST_3247,2025-11-26,Canada,E-commerce,51-200,ENT
CUST_3248,2025-03-05,Unknown,SaaS,unknown,SMB
CUST_3249,2025-03-07,Unknown,E-commerce,1-10,MID
CUST_3250,2025-07-27,USA,Finance,1-10,SMB
CUST_3251,2025-10-26,UK,Logistics,1-10,ENT
CUST_3252,2025-10-04,UK,Finance,1-10,ENT
CUST_3253,2025-08-21,UK,Finance,51-200,SMB
CUST_3254,2025-09-10,UK,Healthcare,201-500,SMB
CUST_3255,2025-06-04,UK,Unknown,500+,ENT
CUST_3256,2025-08-06,Canada,Healthcare,unknown,ENT
CUST_3257,2025-08-04,Canada,Logistics,201-500,MID
CUST_3258,2025-09-14,Unknown,E-commerce,201-500,SMB
CUST_3259,2025-02-04,Unknown,E-commerce,201-500,ENT
CUST_3260,2025-09-13,USA,SaaS,500+,MID
CUST_3261,2025-03-06,USA,Healthcare,201-500,MID
 CUST_3262 ,2025-07-18,USA,E-commerce,11-50,ENT
CUST_3263,2025-04-30,Canada,SaaS,11-50,MID
CUST_3264,2025-01-28,USA,SaaS,500+,MID
CUST_3265,2025-07-17,USA,Finance,11-50,ENT
CUST_3266,2025-04-25,USA,Logistics,201-500,ENT
CUST_3267,2025-12-08,USA,Logistics,500+,ENT
CUST_3268,2025-08-24,USA,Healthcare,unknown,ENT
CUST_3269,2025-03-07,UK,Healthcare,11-50,MID
 CUST_3270 ,2025-09-18,USA,E-commerce,1-10,ENT
CUST_3271,2025-03-05,Unknown,Healthcare,201-500,SMB
CUST_3272,2025-08-07,Canada,Logistics,unknown,SMB
CUST_3273,2025-04-23,Unknown,Unknown,500+,SMB
CUST_3274,2025-02-02,UK,E-commerce,11-50,MID
CUST_3275,2025-12-24,USA,Unknown,unknown,SMB
CUST_3276,2025-04-27,USA,SaaS,500+,SMB
CUST_3277,2025-12-24,USA,Finance,500+,SMB
CUST_3278,2025-03-31,Canada,E-commerce,51-200,MID
CUST_3279,2025-10-20,Canada,Logistics,500+,MID
CUST_3280,2025-09-19,USA,E-commerce,201-500,SMB
CUST_3281,2025-08-13,USA,Finance,500+,MID
CUST_3282,2025-04-11,UK,E-commerce,201-500,SMB
CUST_3283,2025-11-16,Canada,SaaS,500+,MID
CUST_3284,2025-09-24,USA,Healthcare,1-10,ENT
CUST_3285,2025-04-14,UK,Logistics,51-200,SMB
CUST_3286,2025-12-08,Canada,Finance,500+,SMB
CUST_3287,2025-08-30,USA,E-commerce,1-10,SMB
CUST_3288,2025-07-29,Unknown,Finance,11-50,SMB
CUST_3289,2025-06-25,USA,E-commerce,unknown,SMB
CUST_3290,2025-06-20,Canada,Unknown,11-50,SMB
CUST_3291,2025-03-22,Unknown,Healthcare,500+,MID
CUST_3292,2025-09-01,USA,SaaS,201-500,SMB
CUST_3293,2025-10-27,Canada,Unknown,11-50,MID
CUST_3294,2025-09-13,USA,Healthcare,1-10,ENT
CUST_3295,2025-07-18,UK,Finance,500+,MID
CUST_3296,2025-11-29,Canada,E-commerce,51-200,MID
CUST_3297,2025-01-30,USA,E-commerce,500+,SMB
CUST_3298,2025-09-18,Canada,SaaS,11-50,SMB
 CUST_3299 ,2025-04-04,UK,Logistics,1-10,ENT
CUST_3300,2025-07-26,UK,SaaS,201-500,MID
CUST_3301,2025-09-28,USA,E-commerce,500+,MID
CUST_3302,2025-02-20,Unknown,Healthcare,1-10,SMB
CUST_3303,2025-09-04,UK,Healthcare,51-200,MID
CUST_3304,2025-10-12,UK,Finance,201-500,MID
CUST_3305,2025-05-03,Unknown,Unknown,1-10,ENT
CUST_3306,2025-07-04,USA,Healthcare,51-200,SMB
 CUST_3307 ,2025-04-30,USA,Unknown,11-50,MID
CUST_3308,2025-03-18,Unknown,E-commerce,500+,ENT
CUST_3309,2025-04-11,UK,Healthcare,201-500,MID
CUST_3310,2025-05-12,Canada,Finance,11-50,SMB
 CUST_3311 ,2025-09-29,Canada,SaaS,1-10,MID
CUST_3312,2025-11-06,Unknown,Healthcare,1-10,MID
CUST_3313,2025-07-13,Canada,Healthcare,unknown,SMB
CUST_3314,2025-01-31,Canada,E-commerce,201-500,MID
 CUST_3315 ,2025-10-04,UK,Healthcare,unknown,SMB
CUST_3316,2025-08-08,USA,SaaS,500+,ENT
CUST_3317,2025-12-26,USA,Logistics,unknown,MID
CUST_3318,2025-11-02,Canada,E-commerce,201-500,SMB
CUST_3319,2025-02-02,UK,E-commerce,500+,ENT
CUST_3320,2025-12-27,USA,E-commerce,1-10,MID
CUST_3321,2025-05-12,UK,Finance,500+,SMB
CUST_3322,2025-10-15,Unknown,Finance,unknown,ENT
CUST_3323,2025-04-15,Unknown,Unknown,unknown,SMB
CUST_3324,2025-02-18,Canada,Healthcare,unknown,MID
CUST_3325,2025-01-15,USA,E-commerce,51-200,ENT
CUST_3326,2025-06-14,USA,SaaS,unknown,ENT
CUST_3327,2025-11-14,Canada,SaaS,1-10,ENT
CUST_3328,2025-03-20,UK,SaaS,500+,ENT
 CUST_3329 ,2025-01-13,Unknown,SaaS,11-50,MID
CUST_3330,2025-05-07,Canada,SaaS,11-50,SMB
CUST_3331,2025-06-01,Canada,Healthcare,11-50,MID
CUST_3332,2025-08-22,UK,Unknown,11-50,SMB
CUST_3333,2025-12-03,USA,Logistics,201-500,MID
CUST_3334,2025-12-19,USA,Healthcare,1-10,MID
CUST_3335,2025-10-21,Canada,Healthcare,unknown,MID
CUST_3336,2025-10-07,Unknown,Healthcare,1-10,MID
CUST_3337,2025-04-28,USA,E-commerce,201-500,SMB
 CUST_3338 ,2025-04-20,Unknown,Healthcare,51-200,MID
CUST_3339,2025-03-20,USA,SaaS,201-500,MID
CUST_3340,2025-01-09,Unknown,E-commerce,11-50,SMB
CUST_3341,2025-10-16,USA,Healthcare,11-50,SMB
CUST_3342,2025-11-22,UK,E-commerce,1-10,SMB
CUST_3343,2025-04-22,Unknown,Logistics,11-50,SMB
CUST_3344,2025-08-05,Canada,Finance,201-500,ENT
CUST_3345,2025-03-25,Unknown,SaaS,201-500,SMB
CUST_3346,2025-04-07,USA,E-commerce,unknown,MID
 CUST_3347 ,2025-02-21,USA,Healthcare,51-200,SMB
CUST_3348,2025-07-17,Unknown,Healthcare,201-500,SMB
CUST_3349,2025-11-01,Unknown,Logistics,1-10,ENT
CUST_3350,2025-07-16,UK,Unknown,201-500,SMB
CUST_3351,2025-04-16,Canada,Unknown,11-50,ENT
CUST_3352,2025-03-28,Canada,Healthcare,unknown,SMB
CUST_3353,2025-04-28,USA,E-commerce,201-500,ENT
CUST_3354,2025-12-01,USA,Unknown,11-50,SMB
CUST_3355,2025-09-11,USA,SaaS,51-200,SMB
CUST_3356,2025-12-28,Unknown,Logistics,51-200,ENT
CUST_3357,2025-04-23,Canada,Logistics,201-500,MID
CUST_3358,2025-05-15,UK,Unknown,1-10,SMB
CUST_3359,2025-10-27,Unknown,Unknown,51-200,SMB
CUST_3360,2025-05-19,Canada,SaaS,unknown,ENT
CUST_3361,2025-12-04,UK,Unknown,201-500,ENT
CUST_3362,2025-05-05,USA,E-commerce,1-10,ENT
CUST_3363,2025-01-22,USA,E-commerce,11-50,SMB
CUST_3364,2025-11-06,UK,SaaS,500+,MID
CUST_3365,2025-05-11,UK,Unknown,201-500,SMB
CUST_3366,2025-02-04,UK,Logistics,500+,MID
CUST_3367,2025-12-07,Canada,Finance,unknown,SMB
CUST_3368,2025-12-21,USA,Finance,unknown,ENT
CUST_3369,2025-01-03,UK,Unknown,unknown,MID
CUST_3370,2025-11-04,UK,Healthcare,500+,MID
CUST_3371,2025-06-20,USA,Finance,unknown,MID
CUST_3372,2025-06-05,USA,SaaS,51-200,SMB
 CUST_3373 ,2025-04-04,Unknown,SaaS,201-500,MID
CUST_3374,2025-01-08,USA,Logistics,201-500,SMB
CUST_3375,2025-03-29,Canada,Unknown,unknown,MID
CUST_3376,2025-08-21,Canada,SaaS,201-500,SMB
CUST_3377,2025-07-28,UK,Healthcare,unknown,SMB
CUST_3378,2025-02-20,UK,Finance,1-10,ENT
CUST_3379,2025-12-19,USA,Healthcare,11-50,MID
CUST_3380,2025-11-23,Unknown,Logistics,51-200,ENT
CUST_3381,2025-05-14,Unknown,Unknown,1-10,MID
CUST_3382,2025-07-26,USA,Finance,unknown,ENT
CUST_3383,2025-02-22,UK,Logistics,11-50,MID
CUST_3384,2025-09-25,Canada,Healthcare,500+,MID
CUST_3385,2025-01-07,UK,SaaS,51-200,SMB
CUST_3386,2025-08-17,Unknown,Unknown,51-200,SMB
CUST_3387,2025-02-19,USA,Healthcare,11-50,SMB
CUST_3388,2025-03-22,UK,Unknown,500+,SMB
CUST_3389,2025-10-19,USA,Healthcare,unknown,SMB
CUST_3390,2025-12-17,USA,Healthcare,500+,SMB
CUST_3391,2025-05-02,USA,E-commerce,11-50,ENT
CUST_3392,2025-11-22,USA,Healthcare,201-500,SMB
CUST_3393,2025-06-13,Unknown,Healthcare,11-50,MID
CUST_3394,2025-12-08,UK,Healthcare,11-50,SMB
CUST_3395,2025-12-07,UK,Logistics,11-50,SMB
CUST_3396,2025-08-02,USA,E-commerce,11-50,MID
 CUST_3397 ,2025-08-13,UK,Logistics,11-50,SMB
CUST_3398,2025-01-06,Unknown,Logistics,1-10,MID
CUST_3399,2025-09-07,Canada,Finance,51-200,SMB
CUST_3400,2025-06-09,Canada,E-commerce,500+,MID
CUST_3401,2025-01-01,USA,E-commerce,11-50,ENT
 CUST_3402 ,2025-02-08,USA,Logistics,500+,MID
CUST_3403,2025-08-12,USA,SaaS,1-10,SMB
CUST_3404,2025-11-17,Unknown,E-commerce,51-200,MID
CUST_3405,2025-01-16,UK,Finance,1-10,ENT
CUST_3406,2025-05-29,USA,E-commerce,unknown,SMB
CUST_3407,2025-08-22,USA,E-commerce,500+,ENT
CUST_3408,2025-04-06,USA,E-commerce,1-10,SMB
CUST_3409,2025-06-12,Unknown,Unknown,51-200,SMB
CUST_3410,2025-10-15,UK,Healthcare,11-50,MID
CUST_3411,2025-12-06,Unknown,Logistics,500+,MID
CUST_3412,2025-02-25,Unknown,Logistics,unknown,ENT
CUST_3413,2025-10-26,UK,SaaS,201-500,ENT
CUST_3414,2025-05-06,Unknown,Unknown,11-50,MID
CUST_3415,2025-12-16,Unknown,Unknown,500+,SMB
CUST_3416,2025-05-05,Unknown,SaaS,unknown,ENT
CUST_3417,2025-12-29,Canada,Finance,unknown,SMB
CUST_3418,2025-11-18,Unknown,E-commerce,500+,MID
CUST_3419,2025-07-18,USA,Finance,51-200,MID
CUST_3420,2025-08-22,USA,Unknown,unknown,ENT
CUST_3421,2025-02-08,UK,SaaS,11-50,ENT
CUST_3422,2025-11-26,USA,Unknown,unknown,SMB
CUST_3423,2025-03-27,Canada,Finance,11-50,MID
CUST_3424,2025-01-11,Canada,Unknown,unknown,SMB
CUST_3425,2025-10-26,UK,Logistics,1-10,MID
CUST_3426,2025-02-28,Canada,SaaS,201-500,MID
CUST_3427,2025-01-07,Canada,Logistics,51-200,SMB
CUST_3428,2025-05-19,Unknown,Logistics,1-10,MID
CUST_3429,2025-08-04,USA,Unknown,1-10,SMB
CUST_3430,2025-08-14,Canada,SaaS,11-50,SMB
CUST_3431,2025-06-20,Unknown,E-commerce,201-500,SMB
CUST_3432,2025-01-05,USA,Unknown,unknown,SMB
 CUST_3433 ,2025-05-07,USA,Finance,500+,ENT
CUST_3434,2025-01-07,USA,E-commerce,1-10,MID
CUST_3435,2025-08-16,USA,Logistics,11-50,MID
CUST_3436,2025-04-12,Unknown,Logistics,1-10,SMB
CUST_3437,2025-01-14,Canada,Healthcare,500+,MID
CUST_3438,2025-10-28,Unknown,SaaS,500+,SMB
CUST_3439,2025-12-13,USA,SaaS,500+,MID
CUST_3440,2025-08-14,USA,Finance,51-200,MID
CUST_3441,2025-10-05,UK,Finance,1-10,MID
CUST_3442,2025-05-08,UK,E-commerce,11-50,SMB
CUST_3443,2025-12-04,Canada,E-commerce,11-50,ENT
CUST_3444,2025-01-20,Canada,E-commerce,1-10,MID
CUST_3445,2025-03-06,Canada,SaaS,11-50,MID
CUST_3446,2025-05-10,Canada,Finance,1-10,ENT
CUST_3447,2025-10-19,USA,Finance,1-10,MID
CUST_3448,2025-02-22,Unknown,Unknown,unknown,SMB
CUST_3449,2025-08-09,USA,E-commerce,11-50,ENT
CUST_3450,2025-09-27,Unknown,Unknown,1-10,MID
CUST_3451,2025-10-20,Canada,Logistics,1-10,SMB
CUST_3452,2025-07-21,Canada,Healthcare,11-50,MID
CUST_3453,2025-06-03,Canada,Logistics,unknown,SMB
CUST_3454,2025-06-03,Canada,Finance,unknown,SMB
CUST_3455,2025-08-13,USA,E-commerce,500+,SMB
CUST_3456,2025-10-08,Unknown,E-commerce,1-10,ENT
 CUST_3457 ,2025-05-07,USA,Healthcare,500+,ENT
CUST_3458,2025-02-23,Unknown,SaaS,1-10,SMB
CUST_3459,2025-01-28,UK,SaaS,unknown,SMB
CUST_3460,2025-06-24,UK,E-commerce,201-500,SMB
CUST_3461,2025-08-25,Canada,E-commerce,500+,SMB
CUST_3462,2025-04-28,USA,Finance,11-50,SMB
CUST_3463,2025-03-04,UK,E-commerce,51-200,SMB
CUST_3464,2025-01-10,UK,SaaS,11-50,SMB
CUST_3465,2025-10-26,Canada,Logistics,201-500,ENT
CUST_3466,2025-10-14,Canada,Logistics,500+,SMB
 CUST_3467 ,2025-02-21,USA,Unknown,201-500,MID
CUST_3468,2025-10-19,USA,Unknown,500+,SMB
CUST_3469,2025-03-05,USA,Healthcare,500+,ENT
CUST_3470,2025-11-15,Canada,SaaS,500+,MID
CUST_3471,2025-01-06,Canada,Finance,51-200,SMB
CUST_3472,2025-11-08,USA,Unknown,51-200,ENT
CUST_3473,2025-08-08,USA,Unknown,unknown,MID
CUST_3474,2025-04-08,Canada,E-commerce,unknown,SMB
CUST_3475,2025-07-01,USA,Unknown,51-200,MID
CUST_3476,2025-02-27,Canada,Healthcare,201-500,SMB
CUST_3477,2025-03-14,UK,Healthcare,11-50,ENT
CUST_3478,2025-03-25,Canada,Unknown,11-50,ENT
CUST_3479,2025-10-22,UK,Healthcare,201-500,MID
CUST_3480,2025-12-24,USA,Healthcare,unknown,ENT
CUST_3481,2025-11-28,USA,Healthcare,11-50,SMB
CUST_3482,2025-06-11,Canada,Healthcare,11-50,ENT
CUST_3483,2025-04-29,UK,SaaS,unknown,MID
CUST_3484,2025-11-14,USA,Logistics,51-200,SMB
CUST_3485,2025-01-08,Unknown,Unknown,11-50,ENT
 CUST_3486 ,2025-08-09,USA,Finance,11-50,SMB
CUST_3487,2025-08-06,Unknown,Unknown,500+,MID
CUST_3488,2025-05-08,USA,SaaS,1-10,SMB
CUST_3489,2025-02-04,Unknown,Healthcare,1-10,MID
CUST_3490,2025-10-15,USA,E-commerce,51-200,MID
CUST_3491,2025-06-02,UK,E-commerce,201-500,MID
CUST_3492,2025-05-27,Canada,SaaS,51-200,ENT
 CUST_3493 ,2025-05-04,Unknown,Finance,11-50,ENT
CUST_3494,2025-01-23,USA,Healthcare,500+,MID
CUST_3495,2025-09-30,USA,SaaS,500+,MID
CUST_3496,2025-07-19,USA,Healthcare,11-50,ENT
CUST_3497,2025-03-25,Canada,SaaS,11-50,SMB
 CUST_3498 ,2025-01-13,UK,Unknown,51-200,ENT
CUST_3499,2025-02-09,Unknown,E-commerce,1-10,SMB
